,Film,Revenue,Year
0,Independence Day,817400891,1996
1,Twister,494471524,1996
2,Mission: Impossible,457731198,1996
3,The Rock,335062621,1996
4,The Hunchback of Notre Dame,325338851,1996
5,101 Dalmatians,320689294,1996
6,Ransom,309492681,1996
7,Jerry Maguire,273552592,1996
8,Space Jam,250200000,1996
9,Eraser,242295562,1996
10,The English Patient,231976425,1996
11,The Birdcage,185260553,1996
12,Scream,173046663,1996
13,Sleepers,165615285,1996
14,Daylight,159212469,1996
15,A Time to Kill,152266007,1996
16,Phenomenon,152036382,1996
17,Broken Arrow,150270147,1996
18,Star Trek: First Contact,150000000,1996
19,Romeo + Juliet,147298761,1996
20,Evita,141047179,1996
21,Jingle All the Way,129832389,1996
22,The Nutty Professor,128769345,1996
23,Executive Decision,121969216,1996
24,Michael,119718203,1996
25,The First Wives Club,116400000,1996
26,DragonHeart,115267375,1996
27,Striptease,113309743,1996
28,The Cable Guy,102825796,1996
29,Primal Fear,102616183,1996
30,Mars Attacks!,101371017,1996
31,Courage Under Fire,100860818,1996
32,One Fine Day,97529550,1996
33,The Long Kiss Goodnight,89456761,1996
34,Beavis and Butt-Head Do America,63118386,1996
35,Fargo,60611975,1996
36,Chain Reaction,60209334,1996
37,Jack,58620973,1996
38,The Quest,57400547,1996
39,Tin Cup,53854588,1996
40,Diabolique,52400000,1996
41,Maximum Risk,51702483,1996
42,The Island of Dr. Moreau,49627779,1996
43,The Preacher's Wife,48102795,1996
44,Last Man Standing,47267001,1996
45,Escape from L.A.,42277365,1996
46,Doctor Who,42000000,1996
47,Set It Off,41590886,1996
48,Happy Gilmore,41205099,1996
49,The Mirror Has Two Faces,41083864,1996
50,English Babu Desi Mem,39000000,1996
51,The Ghost and the Darkness,38619405,1996
52,Sgt. Bilko,37956793,1996
53,Shine,35892330,1996
54,A Thin Line Between Love and Hate,34746109,1996
55,That Thing You Do!,34585416,1996
56,Muppet Treasure Island,34327391,1996
57,Sling Blade,34100000,1996
58,Matilda,33459416,1996
59,Homeward Bound II: Lost in San Francisco,32709423,1996
60,Black Sheep,32000000,1996
61,Eddie,31387164,1996
62,The Frighteners,29359216,1996
63,James and the Giant Peach,28946127,1996
64,Spy Hard,27000000,1996
65,Eye for an Eye,26877589,1996
66,From Dusk Till Dawn,25836616,1996
67,In Love and War,25372294,1996
68,Fly Away Home,25143818,1996
69,Kingpin,25023434,1996
70,The Craft,24819936,1996
71,D3: The Mighty Ducks,22955097,1996
72,The Juror,22754725,1996
73,Bulletproof,22611954,1996
74,The Chamber,22540359,1996
75,Emma,22231658,1996
76,First Strike,21890845,1996
77,High School High,21302121,1996
78,Multiplicity,21075014,1996
79,The Glimmer Man,20350000,1996
80,The People vs. Larry Flynt,20300385,1996
81,Don't Be a Menace to South Central While Drinking Your Juice in the Hood,20109115,1996
82,Flipper,20080020,1996
83,Bed of Roses,19030691,1996
84,Kazaam,18937262,1996
85,The Fan,18626419,1996
86,The Crow: City of Angels,17917287,1996
87,Extreme Measures,17380126,1996
88,The Phantom,17300889,1996
89,Fled,17193231,1996
90,Michael Collins,16900000,1996
91,Hellraiser: Bloodline,16675000,1996
92,Trainspotting,16491080,1996
93,Flirting with Disaster,14702438,1996
94,The Arrival,14063331,1996
95,Gamera 2: Attack of the Legion,14000000,1996
96,Secrets & Lies,13417292,1996
97,Bio-Dome,13400000,1996
98,Ghosts of Mississippi,13323144,1996
99,Lone Star,13269963,1996
100,Titanic,2187463944,1997
101,The Lost World: Jurassic Park,618638999,1997
102,Men in Black,589390539,1997
103,Tomorrow Never Dies,333011068,1997
104,Air Force One,315156409,1997
105,As Good as It Gets,314178011,1997
106,Liar Liar,302710615,1997
107,My Best Friend's Wedding,299288605,1997
108,The Fifth Element,263920180,1997
109,The Full Monty,257850122,1997
110,Hercules,252712101,1997
111,Bean,251212670,1997
112,Face/Off,245676146,1997
113,Batman & Robin,238207122,1997
114,Life Is Beautiful,230098753,1997
115,Good Will Hunting,225933435,1997
116,Con Air,224012234,1997
117,Dante's Peak,178127760,1997
118,Flubber,177977226,1997
119,George of the Jungle,174463257,1997
120,Scream 2,172363301,1997
121,Contact,171120329,1997
122,Michael Jackson: HIStory World Tour - Live in Copenhagen,165000000,1997
123,Michael Jackson: HIStory Tour - Live in Munich,165000000,1997
124,Speed 2: Cruise Control,164508066,1997
125,Alien Resurrection,162000000,1997
126,Love's Deadly Triangle: The Texas Cadet Murder,161001698,1997
127,Princess Mononoke,159414369,1997
128,The Jackal,159330280,1997
129,The Devil's Advocate,152944660,1997
130,The Devil's Own,140807547,1997
131,Anastasia,139804348,1997
132,Conspiracy Theory,136982834,1997
133,Anaconda,136000000,1997
134,Seven Years in Tibet,131457682,1997
135,L.A. Confidential,126216940,1997
136,I Know What You Did Last Summer,125586134,1997
137,Donnie Brasco,124909762,1997
138,Volcano,122823468,1997
139,MouseHunt,122417389,1997
140,Starship Troopers,121214377,1997
141,The Saint,118063304,1997
142,The Peacemaker,110463140,1997
143,The Game,109423648,1997
144,Spice World,100000000,1997
145,Spawn,87840042,1997
146,Home Alone 3,79082515,1997
147,Mr. Magoo,75000000,1997
148,Austin Powers: International Man of Mystery,67683989,1997
149,Wag the Dog,64256513,1997
150,Kiss the Girls,60527873,1997
151,Selena,60000000,1997
152,Jungle 2 Jungle,59927618,1997
153,Mortal Kombat: Annihilation,51376861,1997
154,Breakdown,50159144,1997
155,Absolute Power,50068310,1997
156,G.I. Jane,48169156,1997
157,Double Team,48138337,1997
158,The Rainmaker,45916769,1997
159,Cop Land,44862187,1997
160,Nothing to Lose,44480039,1997
161,Picture Perfect,44332015,1997
162,Amistad,44229441,1997
163,The Edge,43312294,1997
164,Boogie Nights,43101594,1997
165,Fools Rush In,42000000,1997
166,Private Parts,41230799,1997
167,Jackie Brown,39673162,1997
168,Vegas Vacation,36400360,1997
169,Fathers' Day,35598376,1997
170,Addicted to Love,34673095,1997
171,The Relic,33956608,1997
172,Metro,31987563,1997
173,For Richer or Poorer,31611225,1997
174,Grosse Pointe Blank,31070412,1997
175,Would I Lie to You?,29456000,1997
176,Romy and Michele's High School Reunion,29235353,1997
177,Event Horizon,26673242,1997
178,An American Werewolf in Paris,26570463,1997
179,Murder at 1600,25804707,1997
180,Mimic,25480490,1997
181,Midnight in the Garden of Good and Evil,25105255,1997
182,Good Burger,23700000,1997
183,Air Bud,23144499,1997
184,Red Corner,22420000,1997
185,Booty Call,20060051,1997
186,Neon Genesis Evangelion: The End of Evangelion,20000000,1997
187,The Apostle,19868354,1997
188,Gone Fishin',19745922,1997
189,Mr. Nice Guy,18814720,1997
190,Turbo: A Power Rangers Movie,17979739,1997
191,The Postman,17626234,1997
192,The Boxer,16534578,1997
193,Fire Down Below,16228448,1997
194,Wishmaster,15719109,1997
195,FairyTale: A True Story,14000000,1997
196,How to Be a Player,13960203,1997
197,The Man Who Knew Too Little,13801755,1997
198,Rosewood,13130349,1997
199,Love Jones,12782749,1997
200,Armageddon,553799566,1998
201,Saving Private Ryan,481840909,1998
202,Godzilla,379014294,1998
203,There's Something About Mary,369884651,1998
204,A Bug's Life,363258859,1998
205,Deep Impact,349464664,1998
206,Mulan,304320254,1998
207,Doctor Dolittle,294456605,1998
208,Shakespeare in Love,289317794,1998
209,Lethal Weapon 4,285444603,1998
210,The Truman Show,264118201,1998
211,You've Got Mail,250821495,1998
212,Enemy of the State,250649836,1998
213,The Mask of Zorro,250288523,1998
214,Rush Hour,244721064,1998
215,The Prince of Egypt,218613188,1998
216,Patch Adams,202292902,1998
217,City of Angels,198685114,1998
218,The X Files,189198313,1998
219,The Horse Whisperer,186883563,1998
220,The Waterboy,185991646,1998
221,The Man in the Iron Mask,182968902,1998
222,Antz,171757863,1998
223,Six Days Seven Nights,164839294,1998
224,Pokémon: The First Movie - Mewtwo Strikes Back,163644662,1998
225,Stepmom,159710793,1998
226,Meet Joe Black,142940100,1998
227,Lost in Space,136159423,1998
228,Blade,131183530,1998
229,A Perfect Murder,128038368,1998
230,The Wedding Singer,123306987,1998
231,Star Trek: Insurrection,118000000,1998
232,The Siege,116672912,1998
233,Snake Eyes,103891409,1998
234,U.S. Marshals,102367405,1998
235,The Rugrats Movie,100491683,1998
236,Bayside Shakedown,98980000,1998
237,The Thin Red Line,98126565,1998
238,Mercury Rising,93107289,1998
239,The Parent Trap,92108518,1998
240,Elizabeth,82150642,1998
241,Hope Floats,81471882,1998
242,The Dinner Game,78599508,1998
243,Out of Sight,77745966,1998
244,Everest,76447420,1998
245,The Newton Boys,76000000,1998
246,Urban Legend,72527595,1998
247,What Dreams May Come,71485043,1998
248,Ronin,70692101,1998
249,Babe: Pig in the City,69131860,1998
250,Wild Things,67200000,1998
251,The Visitors II: The Corridors of Time,66000000,1998
252,EverAfter,65705772,1998
253,Sliding Doors,58809149,1998
254,A Civil Action,56702901,1998
255,Great Expectations,55494066,1998
256,Halloween H20: 20 Years Later,55041738,1998
257,Small Soldiers,54682547,1998
258,Primary Colors,52100000,1998
259,Bride of Chucky,50671850,1998
260,The Avengers,48585416,1998
261,The Object of My Affection,46905889,1998
262,The Big Lebowski,46748047,1998
263,Practical Magic,46733235,1998
264,The Negotiator,44547681,1998
265,Taxi,44500000,1998
266,Knock Off,44000000,1998
267,Waking Ned,43515982,1998
268,Mysteries of Egypt,40593286,1998
269,The Faculty,40283321,1998
270,I Still Know What You Did Last Summer,40002112,1998
271,Quest for Camelot,38172500,1998
272,How Stella Got Her Groove Back,37672350,1998
273,Psycho,37141130,1998
274,Sphere,37020277,1998
275,A Night at the Roxbury,30331165,1998
276,Madeline,30000000,1998
277,Bulworth,29202884,1998
278,"Lock, Stock and Two Smoking Barrels",28356188,1998
279,Dark City,27200316,1998
280,The Big Hit,27007143,1998
281,Can't Hardly Wait,25605015,1998
282,Fallen,25232289,1998
283,American History X,23875127,1998
284,The Players Club,23261485,1998
285,Rounders,22921898,1998
286,He Got Game,21567853,1998
287,The Legend of 1900,21057208,1998
288,Vampires,20308772,1998
289,Hard Rain,19870567,1998
290,The Replacement Killers,19204929,1998
291,Species II,19165560,1998
292,Jane Austen's Mafia!,19000000,1998
293,Simon Birch,18253415,1998
294,Disturbing Behavior,17507368,1998
295,Half Baked,17460020,1998
296,Rushmore,17096053,1998
297,54,16757163,1998
298,Detective Conan: The Fourteenth Target,16330622,1998
299,A Simple Plan,16316273,1998
300,Star Wars: Episode I - The Phantom Menace,924317558,1999
301,The Sixth Sense,672806292,1999
302,Toy Story 2,497366869,1999
303,The Matrix,463517383,1999
304,Tarzan,448191819,1999
305,The Mummy,415885488,1999
306,Notting Hill,363889678,1999
307,The World Is Not Enough,361832400,1999
308,American Beauty,356296601,1999
309,Austin Powers: The Spy Who Shagged Me,312016858,1999
310,Runaway Bride,309457509,1999
311,Stuart Little,300135367,1999
312,The Green Mile,286801374,1999
313,The Blair Witch Project,248639099,1999
314,American Pie,235483004,1999
315,Big Daddy,234801895,1999
316,Wild Wild West,222104681,1999
317,Entrapment,212404396,1999
318,End of Days,211989043,1999
319,Sleepy Hollow,206071502,1999
320,Double Jeopardy,177841558,1999
321,Analyze This,176885658,1999
322,Deep Blue Sea,164648142,1999
323,Pokémon: The Movie 2000,163649270,1999
324,Eyes Wide Shut,162091208,1999
325,Payback,161626121,1999
326,The Bone Collector,151493655,1999
327,The General's Daughter,149705852,1999
328,Inspector Gadget,134400000,1999
329,The Talented Mr. Ripley,128798265,1999
330,The Thomas Crown Affair,124305181,1999
331,Message in a Bottle,118880016,1999
332,Blue Streak,117758500,1999
333,Anna and the King,113996937,1999
334,Three Kings,108000000,1999
335,She's All That,103166989,1999
336,Fight Club,100853753,1999
337,Any Given Sunday,100230832,1999
338,Bowfinger,98625775,1999
339,8MM,96618699,1999
340,Forces of Nature,93888180,1999
341,The Haunting,91188905,1999
342,Galaxy Quest,90683916,1999
343,The Cider House Rules,88545092,1999
344,Never Been Kissed,84565230,1999
345,"South Park: Bigger, Longer & Uncut",83137603,1999
346,Cruel Intentions,76347426,1999
347,Random Hearts,74608570,1999
348,The Hurricane,73956241,1999
349,Life,73521587,1999
350,All About My Mother,67872296,1999
351,The Messenger: The Story of Joan of Arc,66976317,1999
352,Deuce Bigalow: Male Gigolo,65535067,1999
353,The 13th Warrior,61698899,1999
354,Fantasia 2000,60655420,1999
355,The Insider,60289912,1999
356,The Story of Us,58900031,1999
357,The Ninth Gate,58401898,1999
358,Lake Placid,56870414,1999
359,10 Things I Hate About You,53478166,1999
360,Stigmata,50041732,1999
361,The Boondock Saints,50000000,1999
362,Magnolia,48451803,1999
363,"Girl, Interrupted",48350205,1999
364,Man on the Moon,47434430,1999
365,For Love of the Game,46112640,1999
366,House on Haunted Hill,40846082,1999
367,Blast from the Past,40263020,1999
368,The Bachelor,36911617,1999
369,My Favorite Martian,36850101,1999
370,Baby Geniuses,36450736,1999
371,October Sky,34698685,1999
372,The Best Man,34573780,1999
373,Dogma,31429330,1999
374,Virus,30700000,1999
375,Mystery Men,29762011,1999
376,The Out-of-Towners,29000000,1999
377,Go,28451622,1999
378,East Is East,28200000,1999
379,The Deep End of the Ocean,28121100,1999
380,Dick,27500000,1999
381,The Wood,25059640,1999
382,Godzilla 2000: Millennium,25037390,1999
383,The Iron Giant,23159305,1999
384,Detective Conan: The Last Wizard of the Century,22951145,1999
385,Being John Malkovich,22863596,1999
386,Drive Me Crazy,22593409,1999
387,Muppets from Space,22300000,1999
388,Mudhalvan,22000000,1999
389,Stir of Echoes,21133087,1999
390,Tea with Mussolini,21001563,1999
391,Digimon Adventure,20000000,1999
392,The Astronaut's Wife,19598588,1999
393,Summer of Sam,19288130,1999
394,Ringu 2,18686644,1999
395,Anywhere but Here,18653615,1999
396,The Thirteenth Floor,18564088,1999
397,An Ideal Husband,18535191,1999
398,The Rage: Carrie 2,17762705,1999
399,Eye of the Beholder,17589705,1999
400,Mission: Impossible II,546388105,2000
401,Gladiator,465361176,2000
402,Cast Away,429632142,2000
403,What Women Want,374111707,2000
404,Dinosaur,354248063,2000
405,How the Grinch Stole Christmas,345141403,2000
406,Meet the Parents,330444045,2000
407,The Perfect Storm,325756637,2000
408,The King Is Dancing,320300000,2000
409,X-Men,296339527,2000
410,What Lies Beneath,291420351,2000
411,Scary Movie,278019771,2000
412,Charlie's Angels,264105545,2000
413,Erin Brockovich,256271286,2000
414,Unbreakable,248118121,2000
415,Gone in Sixty Seconds,237202299,2000
416,Chicken Run,224834564,2000
417,Vertical Limit,215663859,2000
418,The Patriot,215294342,2000
419,"Crouching Tiger, Hidden Dragon",213525736,2000
420,Miss Congeniality,212000000,2000
421,Traffic,207515725,2000
422,Hollow Man,190213455,2000
423,102 Dalmatians,183611771,2000
424,Big Momma's House,173959438,2000
425,The Emperor's New Groove,169327687,2000
426,Scream 3,161834276,2000
427,Chocolat,152500343,2000
428,"Me, Myself & Irene",149270999,2000
429,The Beach,144056873,2000
430,Remember the Titans,136706683,2000
431,Space Cowboys,128884132,2000
432,U-571,127666415,2000
433,The Family Man,124700000,2000
434,Nutty Professor II: The Klumps,123307945,2000
435,Road Trip,119754278,2000
436,Coyote Ugly,113916474,2000
437,Final Destination,112880294,2000
438,Billy Elliot,109280263,2000
439,Shaft,107196498,2000
440,The Whole Nine Yards,106371651,2000
441,The Cell,104155843,2000
442,The 6th Day,96085477,2000
443,Romeo Must Die,91036760,2000
444,Bring It On,90449929,2000
445,Bedazzled,90383208,2000
446,Snatch,83557872,2000
447,Finding Forrester,80049764,2000
448,The Road to El Dorado,76432727,2000
449,"Dude, Where's My Car?",73180723,2000
450,"O Brother, Where Art Thou?",71868327,2000
451,Rules of Engagement,71000000,2000
452,The Kid,69700000,2000
453,Pokémon 3: The Movie - Spell of the Unown,68411275,2000
454,Frequency,68106245,2000
455,Taxi 2,64400000,2000
456,Snow Day,62500000,2000
457,Mission to Mars,60874615,2000
458,Keeping the Faith,59945183,2000
459,Next Friday,59827328,2000
460,The Flintstones in Viva Rock Vegas,59468275,2000
461,Little Nicky,58292295,2000
462,Shanghai Noon,56932305,2000
463,Pay It Forward,55707411,2000
464,Pitch Black,53187659,2000
465,Hanging Up,51880044,2000
466,The Replacements,50054511,2000
467,Men of Honor,48814909,2000
468,Book of Shadows: Blair Witch 2,47737094,2000
469,Almost Famous,47386287,2000
470,High Fidelity,47126295,2000
471,Dracula 2000,47053625,2000
472,The Tigger Movie,45554533,2000
473,Dancer in the Dark,40031879,2000
474,Memento,39723096,2000
475,The Legend of Bagger Vance,39459427,2000
476,Urban Legends: Final Cut,38574362,2000
477,The Original Kings of Comedy,38251106,2000
478,Bounce,36779296,2000
479,'N Sync: Live from Madison Square Garden,36757613,2000
480,Titan A.E.,36754634,2000
481,Return to Me,36609995,2000
482,My Dog Skip,35547761,2000
483,The Adventures of Rocky & Bullwinkle,35134820,2000
484,The Skulls,35007180,2000
485,Thirteen Days,34566746,2000
486,Where the Heart Is,33771174,2000
487,Red Planet,33463969,2000
488,Reindeer Games,32168970,2000
489,Lost Souls,31355910,2000
490,The Art of War,30199105,2000
491,Battlefield Earth,29000000,2000
492,Boiler Room,28780255,2000
493,The Little Vampire,27965865,2000
494,Love & Basketball,27728118,2000
495,Center Stage,26385941,2000
496,Saving Grace,26330482,2000
497,Battle Royale,25000000,2000
498,The Next Best Thing,24362772,2000
499,Dr. T & the Women,22844291,2000
500,Harry Potter and the Philosopher's Stone,976475550,2001
501,The Lord of the Rings: The Fellowship of the Ring,871368364,2001
502,"Monsters, Inc.",562816256,2001
503,Shrek,487853320,2001
504,Ocean's Eleven,450717150,2001
505,Pearl Harbor,449220945,2001
506,The Mummy Returns,443280904,2001
507,Jurassic Park III,368780809,2001
508,Planet of the Apes,362211740,2001
509,Hannibal,351692268,2001
510,Rush Hour 2,347325802,2001
511,A Beautiful Mind,313542341,2001
512,American Pie 2,287553595,2001
513,Bridget Jones's Diary,281929795,2001
514,Spirited Away,274925095,2001
515,Lara Croft: Tomb Raider,274703340,2001
516,A.I. Artificial Intelligence,235926552,2001
517,The Others,209947037,2001
518,The Fast and the Furious,207283925,2001
519,Vanilla Sky,203388341,2001
520,Atlantis: The Lost Empire,186053725,2001
521,Moulin Rouge!,179213434,2001
522,Dr. Dolittle 2,176104344,2001
523,Amélie,173921954,2001
524,Black Hawk Down,172989651,2001
525,The Princess Diaries,165335153,2001
526,Spy Kids,147934180,2001
527,The Mexican,147845033,2001
528,Swordfish,147080413,2001
529,Spy Game,143049560,2001
530,Legally Blonde,141774679,2001
531,Scary Movie 2,141220678,2001
532,Shallow Hal,141069860,2001
533,America's Sweethearts,138191428,2001
534,Save the Last Dance,131706809,2001
535,A Gambler's Story,123021750,2001
536,A Knight's Tale,117487473,2001
537,The Score,113579918,2001
538,Along Came a Spider,105178561,2001
539,Training Day,104876233,2001
540,Don't Say a Word,100020092,2001
541,Evolution,98376292,2001
542,Enemy at the Gates,96976270,2001
543,The Wedding Planner,94728529,2001
544,Cats & Dogs,93375151,2001
545,I Am Sam,92542418,2001
546,Behind Enemy Lines,91753202,2001
547,Gosford Park,87754044,2001
548,Ali,87713825,2001
549,Rat Race,85498534,2001
550,Final Fantasy: The Spirits Within,85131830,2001
551,The Animal,84772742,2001
552,Blow,83282296,2001
553,Jimmy Neutron: Boy Genius,80936232,2001
554,Exit Wounds,79958599,2001
555,Serendipity,77516304,2001
556,Kate & Leopold,76019048,2001
557,Manitou's Shoe,75675074,2001
558,From Hell,74558115,2001
559,The One,72689126,2001
560,The Royal Tenenbaums,71441250,2001
561,Down to Earth,71186502,2001
562,Brotherhood of the Wolf,70752904,2001
563,Thir13en Ghosts,68467960,2001
564,Bandits,67631903,2001
565,Not Another Teen Movie,66468332,2001
566,Sweet November,65754228,2001
567,Kiss of the Dragon,64437847,2001
568,Captain Corelli's Mandolin,62112895,2001
569,Zoolander,60780981,2001
570,Jeepers Creepers,59217789,2001
571,Heartbreakers,57756408,2001
572,15 Minutes,56359980,2001
573,Driven,54744738,2001
574,Domestic Disturbance,54249294,2001
575,K-PAX,50315140,2001
576,Monster's Ball,44909486,2001
577,Recess: School's Out,44460850,2001
578,Shaolin Soccer,42776760,2001
579,Would I Lie to You? 2,42700000,2001
580,Hardball,40222729,2001
581,Crocodile Dundee in Los Angeles,39438674,2001
582,Someone Like You...,38689940,2001
583,What's the Worst That Could Happen?,38400000,2001
584,The Majestic,37317558,2001
585,Joy Ride,36642838,2001
586,Riding in Cars with Boys,35743308,2001
587,Original Sin,35402320,2001
588,Zu Warriors,35000000,2001
589,Jay and Silent Bob Strike Back,33788161,2001
590,Y Tu Mamá También,33616692,2001
591,Black Knight,33422806,2001
592,Double Take,31600000,2001
593,How High,31155435,2001
594,Joe Dirt,30987695,2001
595,Angel Eyes,29700000,2001
596,The Pledge,29400000,2001
597,Baby Boy,29381649,2001
598,Pokémon 4Ever: Celebi - Voice of the Forest,28023563,2001
599,The Tailor of Panama,28008462,2001
600,The Lord of the Rings: The Two Towers,926287400,2002
601,Harry Potter and the Chamber of Secrets,876688482,2002
602,Spider-Man,821708551,2002
603,Star Wars: Episode II - Attack of the Clones,649398328,2002
604,Men in Black II,445135288,2002
605,Die Another Day,431971116,2002
606,Signs,408247917,2002
607,Ice Age,383257136,2002
608,My Big Fat Greek Wedding,368744044,2002
609,Minority Report,358372926,2002
610,Catch Me If You Can,352114312,2002
611,Chicago,306776732,2002
612,Austin Powers in Goldmember,296655431,2002
613,xXx,277448382,2002
614,Scooby-Doo,275650703,2002
615,Lilo & Stitch,273144151,2002
616,The Ring,249348933,2002
617,8 Mile,242875078,2002
618,The Bourne Identity,214034224,2002
619,Red Dragon,209196298,2002
620,Two Weeks Notice,199043242,2002
621,Panic Room,197079546,2002
622,The Sum of All Fears,193921372,2002
623,Gangs of New York,193772504,2002
624,Road to Perdition,181001478,2002
625,Sweet Home Alabama,180622424,2002
626,Hero,177394432,2002
627,The Santa Clause 2,172842355,2002
628,Mr. Deeds,171269535,2002
629,Stuart Little 2,169956806,2002
630,The Scorpion King,165333180,2002
631,Space Station 3D,163333893,2002
632,Blade II,155010032,2002
633,Maid in Manhattan,154906693,2002
634,About a Boy,129000000,2002
635,The Time Machine,123729176,2002
636,Spirit: Stallion of the Cimarron,122563539,2002
637,The Pianist,120072577,2002
638,Spy Kids 2: The Island of Lost Dreams,119723358,2002
639,Unfaithful,119137784,2002
640,We Were Soldiers,114660784,2002
641,Insomnia,113714830,2002
642,Asterix & Obelix: Mission Cleopatra,111127553,2002
643,Return to Never Land,109862682,2002
644,Treasure Planet,109578115,2002
645,About Schmidt,105834556,2002
646,The Tuxedo,104391623,2002
647,Resident Evil,102984862,2002
648,John Q,102244770,2002
649,Phone Booth,97837138,2002
650,Changing Lanes,94935764,2002
651,28 Days Later,85720385,2002
652,Reign of Fire,82150183,2002
653,Snow Dogs,81000000,2002
654,Collateral Damage,78382433,2002
655,Showtime,77741732,2002
656,Windtalkers,77628265,2002
657,Barbershop,77063924,2002
658,Bend It Like Beckham,76578641,2002
659,The Rookie,75597042,2002
660,The Count of Monte Cristo,75395048,2002
661,Divine Secrets of the Ya-Ya Sisterhood,73839240,2002
662,The Sweetest Thing,68696770,2002
663,Ghost Ship,68349884,2002
664,Star Trek: Nemesis,67312826,2002
665,Bad Company,65977295,2002
666,Jackass: The Movie,64282312,2002
667,High Crimes,63781810,2002
668,Crossroads,61141030,2002
669,Drumline,57588485,2002
670,Murder by Numbers,56714147,2002
671,Frida,56298474,2002
672,The Mothman Prophecies,55305279,2002
673,Analyze That,55003135,2002
674,The Hot Chick,54639553,2002
675,The Cat Returns,54016370,2002
676,Big Fat Liar,52970014,2002
677,Dragonfly,52322400,2002
678,One Hour Photo,52223306,2002
679,Blue Crush,51842679,2002
680,Enough,51801187,2002
681,I Spy,51386477,2002
682,Talk to Her,51001550,2002
683,A Walk to Remember,47494916,2002
684,Eight Legged Freaks,45867333,2002
685,Queen of the Damned,45479110,2002
686,The Transporter,43928932,2002
687,The Master of Disguise,43411001,2002
688,Undercover Brother,41604473,2002
689,The Hours,41597830,2002
690,Pinocchio,41323171,2002
691,Clockstoppers,38793283,2002
692,The Banger Sisters,38068353,2002
693,Halloween: Resurrection,37664855,2002
694,Bowling for Columbine,35564473,2002
695,K-19: The Widowmaker,35168966,2002
696,Friday After Next,33526835,2002
697,The Crocodile Hunter: Collision Course,33082548,2002
698,Confessions of a Dangerous Mind,33013805,2002
699,Adaptation.,32801173,2002
700,The Lord of the Rings: The Return of the King,1118888979,2003
701,Finding Nemo,940335536,2003
702,The Matrix Reloaded,738599701,2003
703,Pirates of the Caribbean: The Curse of the Black Pearl,655011224,2003
704,Bruce Almighty,484592874,2003
705,The Last Samurai,456758981,2003
706,Terminator 3: Rise of the Machines,435000000,2003
707,The Matrix Revolutions,424988211,2003
708,X2,407711549,2003
709,Pokémon: Jirachi Wish Maker,334000000,2003
710,Bad Boys II,273339556,2003
711,Something's Gotta Give,266728738,2003
712,Charlie's Angels: Full Throttle,259175788,2003
713,Brother Bear,250397798,2003
714,Hulk,245360480,2003
715,Love Actually,244931766,2003
716,2 Fast 2 Furious,236350661,2003
717,American Wedding,231449203,2003
718,Scary Movie 3,220673217,2003
719,Master and Commander: The Far Side of the World,212011111,2003
720,Spy Kids 3-D: Game Over,197011982,2003
721,Anger Management,195745823,2003
722,Cheaper by the Dozen,190212113,2003
723,The Haunted Mansion,182290266,2003
724,Kill Bill: Vol. 1,180899265,2003
725,The League of Extraordinary Gentlemen,179265204,2003
726,Daredevil,179179718,2003
727,How to Lose a Guy in 10 Days,177371441,2003
728,The Italian Job,176070171,2003
729,Elf,173398518,2003
730,Cold Mountain,173013509,2003
731,Bayside Shakedown 2,170030016,2003
732,Daddy Day Care,164433867,2003
733,Freaky Friday,160846332,2003
734,Johnny English,160583018,2003
735,Lara Croft: Tomb Raider - The Cradle of Life,160099222,2003
736,Mystic River,156822020,2003
737,Seabiscuit,148336445,2003
738,Gothika,141591324,2003
739,Baywatch: Hawaiian Wedding,136000000,2003
740,The Jungle Book 2,135680000,2003
741,The Cat in the Hat,133818283,2003
742,Bringing Down the House,132675402,2003
743,School of Rock,131095990,2003
744,"Legally Blonde 2: Red, White & Blonde",124914842,2003
745,Big Fish,123218424,2003
746,Peter Pan,121975011,2003
747,Intolerable Cruelty,119940815,2003
748,Lost in Translation,119723856,2003
749,S.W.A.T.,116643346,2003
750,Freddy vs. Jason,114908830,2003
751,The Texas Chainsaw Massacre,107071655,2003
752,Just Married,101564935,2003
753,The Recruit,101191884,2003
754,Once Upon a Time in Mexico,98185582,2003
755,Calendar Girls,96542059,2003
756,Underworld,95708457,2003
757,Paycheck,95427515,2003
758,Final Destination 2,90941129,2003
759,Identity,90259536,2003
760,Shanghai Knights,88323487,2003
761,Old School,87135520,2003
762,Tears of the Sun,86468162,2003
763,The Rundown,80916492,2003
764,Sinbad: Legend of the Seven Seas,80767884,2003
765,Runaway Jury,80154140,2003
766,Good Bye Lenin!,79384880,2003
767,Bad Santa,76488889,2003
768,Dreamcatcher,75700000,2003
769,The Core,74208267,2003
770,Looney Tunes: Back in Action,68514844,2003
771,Open Range,68296293,2003
772,Stuck on You,65784503,2003
773,Matchstick Men,65565672,2003
774,Taxi 3,65497208,2003
775,Jeepers Creepers 2,63102666,2003
776,Piglet's Big Movie,62870546,2003
777,Honey,62646763,2003
778,21 Grams,60427839,2003
779,Monster,60378584,2003
780,Under the Tuscan Sun,58878723,2003
781,Agent Cody Banks,58795814,2003
782,Cradle 2 the Grave,56489558,2003
783,The Lizzie McGuire Movie,55534455,2003
784,Out of Time,55495563,2003
785,Rugrats Go Wild,55443032,2003
786,Radio,53293628,2003
787,Hollywood Homicide,51142659,2003
788,What a Girl Wants,50732139,2003
789,National Security,50097949,2003
790,Uptown Girls,44617342,2003
791,A Man Apart,44350926,2003
792,Timeline,43935763,2003
793,Basic,42792561,2003
794,Whale Rider,41400000,2003
795,Dumb and Dumberer: When Harry Met Lloyd,39267515,2003
796,The Life of David Gale,38955598,2003
797,The Missing,38364277,2003
798,Head of State,37788228,2003
799,Bulletproof Monk,37713879,2003
800,Shrek 2,928760770,2004
801,Harry Potter and the Prisoner of Azkaban,789804554,2004
802,Spider-Man 2,783766341,2004
803,The Incredibles,631442092,2004
804,The Passion of the Christ,611899420,2004
805,The Day After Tomorrow,544272402,2004
806,Meet the Fockers,516642939,2004
807,Troy,497409852,2004
808,Shark Tale,367275019,2004
809,Ocean's Twelve,362744280,2004
810,National Treasure,347512318,2004
811,"I, Robot",347234916,2004
812,The Polar Express,310634054,2004
813,Van Helsing,300257475,2004
814,The Bourne Supremacy,288500217,2004
815,Bridget Jones: The Edge of Reason,262500000,2004
816,The Village,256697520,2004
817,Howl's Moving Castle,236049757,2004
818,Fahrenheit 9/11,222446882,2004
819,The Terminal,219417255,2004
820,Collateral,217764291,2004
821,Million Dollar Baby,216763646,2004
822,The Aviator,213700000,2004
823,Lemony Snicket's A Series of Unfortunate Events,209073645,2004
824,King Arthur,203567857,2004
825,Garfield,200804534,2004
826,50 First Dates,196482882,2004
827,The Grudge,183474602,2004
828,Scooby-Doo 2: Monsters Unleashed,181466833,2004
829,Along Came Polly,178311729,2004
830,AVP: Alien vs. Predator,177427090,2004
831,Starsky & Hutch,170268750,2004
832,Shall We Dance?,170128460,2004
833,DodgeBall: A True Underdog Story,167722310,2004
834,Alexander,167298192,2004
835,The Phantom of the Opera,154648887,2004
836,Kill Bill: Vol. 2,152159461,2004
837,The SpongeBob SquarePants Movie,140161792,2004
838,The Princess Diaries 2: Royal Engagement,134734481,2004
839,Man on Fire,130293714,2004
840,Resident Evil: Apocalypse,129394835,2004
841,Mean Girls,129042871,2004
842,Blade: Trinity,128905366,2004
843,Ray,124731534,2004
844,The Forgotten,117592831,2004
845,Finding Neverland,116766556,2004
846,The Chronicles of Riddick,115772733,2004
847,The Notebook,115603229,2004
848,Closer,115505027,2004
849,White Chicks,113086475,2004
850,Sideways,109502303,2004
851,Hidalgo,108103450,2004
852,Home on the Range,103951461,2004
853,Saw,103911669,2004
854,Dawn of the Dead,102356381,2004
855,The Stepford Wives,102000000,2004
856,Kung Fu Hustle,101434304,2004
857,Hellboy,99318987,2004
858,13 Going on 30,96455697,2004
859,The Manchurian Candidate,96105964,2004
860,The Butterfly Effect,96060858,2004
861,Secret Window,92913171,2004
862,House of Flying Daggers,92863945,2004
863,Downfall,92180910,2004
864,Anchorman: The Legend of Ron Burgundy,90574188,2004
865,Catwoman,82102379,2004
866,Exorcist: The Beginning,78000586,2004
867,The Ladykillers,76700000,2004
868,(T)Raumschiff Surprise - Periode 1,76341401,2004
869,Ladder 49,74541707,2004
870,Eternal Sunshine of the Spotless Mind,72258126,2004
871,Around the World in 80 Days,72178895,2004
872,Taxi,71255003,2004
873,A Cinderella Story,70067909,2004
874,Without a Paddle,69631118,2004
875,Taking Lives,65470529,2004
876,Barbershop 2: Back in Business,65070412,2004
877,Miracle,64445708,2004
878,Two Brothers,62172050,2004
879,After the Sunset,61347797,2004
880,Friday Night Lights,61255921,2004
881,Sky Captain and the World of Tomorrow,57958696,2004
882,The Motorcycle Diaries,57663224,2004
883,Walking Tall,57223890,2004
884,Cellular,56422687,2004
885,Spanglish,55041367,2004
886,The Punisher,54700105,2004
887,Open Water,54667954,2004
888,Team America: World Police,50907422,2004
889,Night Watch,50336279,2004
890,Raising Helen,49718611,2004
891,Fat Albert,48563556,2004
892,Torque,46546197,2004
893,Napoleon Dynamite,46118097,2004
894,Wimbledon,41512007,2004
895,Twisted,40954603,2004
896,Bad Education,40266982,2004
897,Crimson Rivers II: Angels of the Apocalypse,40152148,2004
898,Masti,39000000,2004
899,The Sea Inside,38535221,2004
900,Harry Potter and the Goblet of Fire,895921036,2005
901,Star Wars: Episode III - Revenge of the Sith,850000000,2005
902,"The Chronicles of Narnia: The Lion, the Witch and the Wardrobe",745013115,2005
903,War of the Worlds,603873119,2005
904,King Kong,562363449,2005
905,Madagascar,542063846,2005
906,Mr. & Mrs. Smith,478207520,2005
907,Charlie and the Chocolate Factory,474968763,2005
908,Mega Man X: The Day of Sigma,428000000,2005
909,Batman Begins,374218673,2005
910,Hitch,368100420,2005
911,Fantastic Four,333535934,2005
912,Chicken Little,314432665,2005
913,Wedding Crashers,285176741,2005
914,Robots,262511490,2005
915,Constantine,230884728,2005
916,Flightplan,223387299,2005
917,Kingdom of Heaven,218122627,2005
918,Fun with Dick and Jane,202026112,2005
919,The Pacifier,198636868,2005
920,Wallace & Gromit: The Curse of the Were-Rabbit,192610372,2005
921,The Longest Yard,190320568,2005
922,Walk the Line,186797986,2005
923,Brokeback Mountain,178043761,2005
924,The 40 Year Old Virgin,177378645,2005
925,The Island,162949164,2005
926,The Interpreter,162944923,2005
927,Memoirs of a Geisha,162242962,2005
928,The Ring Two,161451538,2005
929,Sin City,158733820,2005
930,Monster-in-Law,154749918,2005
931,Saw II,152925093,2005
932,The Exorcism of Emily Rose,145166804,2005
933,The Legend of Zorro,142400065,2005
934,Bewitched,131426169,2005
935,Munich,130358911,2005
936,Cheaper by the Dozen 2,129181830,2005
937,March of the Penguins,127392239,2005
938,Nanny McPhee,123276807,2005
939,Hide and Seek,122650962,2005
940,Pride & Prejudice,121147947,2005
941,Sahara,119269486,2005
942,Corpse Bride,118090836,2005
943,The Dukes of Hazzard,110803676,2005
944,Cinderella Man,108539911,2005
945,The Amityville Horror,108047131,2005
946,The Brothers Grimm,105316267,2005
947,The Hitchhiker's Guide to the Galaxy,104478416,2005
948,Just Like Heaven,102854431,2005
949,Miss Congeniality 2: Armed and Fabulous,101393569,2005
950,Crash,98410061,2005
951,Are We There Yet?,97918663,2005
952,Jarhead,97076152,2005
953,Be Cool,95226116,2005
954,The Skeleton Key,93983911,2005
955,Syriana,93974620,2005
956,Four Brothers,92374674,2005
957,The Family Stone,92000000,2005
958,White Noise,91196419,2005
959,Racing Stripes,90754475,2005
960,Transporter 2,89083229,2005
961,Rumor Has It...,88933562,2005
962,Sky High,86369815,2005
963,Match Point,85306374,2005
964,In Her Shoes,83073883,2005
965,The Constant Gardener,82466670,2005
966,Hostage,77944725,2005
967,Stealth,76932943,2005
968,Coach Carter,76669806,2005
969,Lord of War,72617068,2005
970,"Yours, Mine & Ours",72028752,2005
971,The Adventures of Sharkboy and Lavagirl,71992655,2005
972,xXx: State of the Union,71073932,2005
973,Guess Who,68915888,2005
974,House of Wax,68766121,2005
975,Boogeyman,67192859,2005
976,Herbie Fully Loaded,66002004,2005
977,Zathura: A Space Adventure,65079104,2005
978,Valiant,61746888,2005
979,A History of Violence,60740827,2005
980,Must Love Dogs,58405313,2005
981,Doom,58072119,2005
982,Red Eye,57891803,2005
983,Derailed,57479076,2005
984,The Descent,57051053,2005
985,Elektra,56681566,2005
986,Kicking & Screaming,56070433,2005
987,"Good Night, and Good Luck.",54600000,2005
988,Æon Flux,53321673,2005
989,Pooh's Heffalump Movie,52900000,2005
990,Elizabethtown,52164016,2005
991,Hoodwinked!,51053787,2005
992,Unleashed,50871113,2005
993,Just Friends,50817508,2005
994,Dark Water,49483352,2005
995,Capote,49327405,2005
996,The Wedding Date,47175038,2005
997,Land of the Dead,46770602,2005
998,Broken Flowers,46720491,2005
999,Get Rich or Die Tryin',46442528,2005
1000,Pirates of the Caribbean: Dead Man's Chest,1065659812,2006
1001,The Da Vinci Code,767820459,2006
1002,Ice Age: The Meltdown,660998756,2006
1003,Casino Royale,599045960,2006
1004,Night at the Museum,574480841,2006
1005,Cars,461983149,2006
1006,X-Men: The Last Stand,459359555,2006
1007,Mission: Impossible III,397850012,2006
1008,Superman Returns,391081192,2006
1009,Happy Feet,384335608,2006
1010,Over the Hedge,343397247,2006
1011,The Devil Wears Prada,326551094,2006
1012,The Pursuit of Happyness,307077295,2006
1013,The Departed,291465000,2006
1014,Borat: Cultural Learnings of America for Make Benefit Glorious Nation of Kazakhstan,262552893,2006
1015,Eragon,249288105,2006
1016,Click,240685326,2006
1017,The Break-Up,205668210,2006
1018,Open Season,197309027,2006
1019,The Holiday,194168700,2006
1020,Inside Man,186003591,2006
1021,Poseidon,181674817,2006
1022,Déjà Vu,180557550,2006
1023,The Visual Effects of 'Scary Movie 4',178262620,2006
1024,Scary Movie 4,178262620,2006
1025,Flushed Away,178120010,2006
1026,Blood Diamond,171720398,2006
1027,Saw III,163876815,2006
1028,Miami Vice,163794509,2006
1029,World Trade Center,163247198,2006
1030,Talladega Nights: The Ballad of Ricky Bobby,162966177,2006
1031,The Pink Panther,158851357,2006
1032,The Fast and the Furious: Tokyo Drift,158468292,2006
1033,Rocky Balboa,155721132,2006
1034,Dreamgirls,154937680,2006
1035,Charlotte's Web,144000000,2006
1036,Garfield: A Tail of Two Kitties,141702264,2006
1037,Monster House,140175006,2006
1038,Big Momma's House 2,138259062,2006
1039,Babel,135330182,2006
1040,V for Vendetta,132511035,2006
1041,Perfume: The Story of a Murderer,132180323,2006
1042,"You, Me and Dupree",130431368,2006
1043,Failure to Launch,128406887,2006
1044,The Queen,123384128,2006
1045,Apocalypto,120654337,2006
1046,Eight Below,120455994,2006
1047,The Omen,119188334,2006
1048,Final Destination 3,118890272,2006
1049,Barnyard,116476887,2006
1050,The Lake House,114830111,2006
1051,Step Up,114194847,2006
1052,Underworld: Evolution,111476513,2006
1053,The Prestige,109676311,2006
1054,Arthur and the Invisibles,107944236,2006
1055,Little Man,101595121,2006
1056,Little Miss Sunshine,100523181,2006
1057,The Good Shepherd,100266865,2006
1058,Nacho Libre,99255460,2006
1059,Silent Hill,97607453,2006
1060,The Host,88489643,2006
1061,The Illusionist,87892388,2006
1062,RV,87528173,2006
1063,The Shaggy Dog,87134280,2006
1064,Volver,85582407,2006
1065,The Santa Clause 3: The Escape Clause,84500122,2006
1066,Pan's Labyrinth,83258226,2006
1067,Firewall,82800000,2006
1068,Hostel,81979826,2006
1069,The Sentinel,78810595,2006
1070,Curse of the Golden Flower,78568977,2006
1071,United 93,76286096,2006
1072,Lady in the Water,72785169,2006
1073,Jackass Number Two,72778712,2006
1074,Children of Men,70595464,2006
1075,The Lives of Others,70000000,2006
1076,Curious George,69834815,2006
1077,The Hills Have Eyes,69623713,2006
1078,Letters from Iwo Jima,68673228,2006
1079,Tales from Earthsea,68625104,2006
1080,Fearless,68072848,2006
1081,When a Stranger Calls,66966987,2006
1082,Flags of Our Fathers,65900249,2006
1083,Take the Lead,65742992,2006
1084,16 Blocks,65664721,2006
1085,Snakes on a Plane,62022014,2006
1086,My Super Ex-Girlfriend,60896147,2006
1087,Marie Antoinette,60474340,2006
1088,Invincible,57806952,2006
1089,Madea's Family Reunion,57231524,2006
1090,Smokin' Aces,57103895,2006
1091,Lucky Number Slevin,56308881,2006
1092,The Ant Bully,55181129,2006
1093,Stranger Than Fiction,53653224,2006
1094,The Texas Chainsaw Massacre: The Beginning,51764406,2006
1095,Death Note: The Last Name,50710400,2006
1096,Notes on a Scandal,49469904,2006
1097,The Black Dahlia,49111202,2006
1098,Date Movie,48548426,2006
1099,The Last King of Scotland,48027970,2006
1100,Pirates of the Caribbean: At World's End,961000000,2007
1101,Harry Potter and the Order of the Phoenix,938212738,2007
1102,Spider-Man 3,890871626,2007
1103,Shrek the Third,813367380,2007
1104,Transformers,709709780,2007
1105,Ratatouille,623726000,2007
1106,I Am Legend,585410052,2007
1107,The Simpsons Movie,527068851,2007
1108,National Treasure: Book of Secrets,459242249,2007
1109,The Bourne Ultimatum,442824138,2007
1110,300,422610419,2007
1111,Live Free or Die Hard,383531464,2007
1112,The Golden Compass,372234864,2007
1113,Alvin and the Chipmunks,361366633,2007
1114,Enchanted,340487652,2007
1115,Ocean's Thirteen,311312624,2007
1116,Fantastic Four: Rise of the Silver Surfer,301913131,2007
1117,Bee Movie,287594577,2007
1118,American Gangster,266465037,2007
1119,Rush Hour 3,258022233,2007
1120,Wild Hogs,253625427,2007
1121,Mr. Bean's Holiday,232225908,2007
1122,Juno,231411584,2007
1123,Ghost Rider,228738393,2007
1124,Knocked Up,219076518,2007
1125,Beowulf,195735876,2007
1126,Paranormal Activity,194183034,2007
1127,I Now Pronounce You Chuck & Larry,187134117,2007
1128,The Bucket List,175372502,2007
1129,Evan Almighty,174440724,2007
1130,No Country for Old Men,171627166,2007
1131,Meet the Robinsons,169332978,2007
1132,Norbit,159313561,2007
1133,P.S. I Love You,156835339,2007
1134,Sweeney Todd: The Demon Barber of Fleet Street,152000000,2007
1135,Surf's Up,149044513,2007
1136,Resident Evil: Extinction,148412065,2007
1137,The Game Plan,147880543,2007
1138,Music and Lyrics,145896422,2007
1139,Saw IV,139352633,2007
1140,Bridge to Terabithia,137587063,2007
1141,Stardust,135560026,2007
1142,1408,132963417,2007
1143,Atonement,131016624,2007
1144,Aliens vs Predator: Requiem,130290885,2007
1145,The Heartbreak Kid,127766650,2007
1146,Superbad,121463226,2007
1147,Charlie Wilson's War,119000410,2007
1148,Blades of Glory,118200000,2007
1149,Disturbia,117760134,2007
1150,Earth,109000000,2007
1151,Spice Girls: The Return of the Spice Girls Tour,107200000,2007
1152,The Water Horse,103071443,2007
1153,Hitman,99965753,2007
1154,Fred Claus,97838349,2007
1155,Shooter,95696996,2007
1156,TMNT,95608995,2007
1157,Michael Clayton,92991835,2007
1158,No Reservations,92601050,2007
1159,Fracture,91354215,2007
1160,Hairspray,90450008,2007
1161,Epic Movie,86865564,2007
1162,The Kingdom,86658558,2007
1163,La Vie en Rose,86274793,2007
1164,Zodiac,84785914,2007
1165,Premonition,84146832,2007
1166,Hannibal Rising,82169884,2007
1167,Rabbit Without Ears,81303447,2007
1168,Hot Fuzz,80573774,2007
1169,Halloween,80253908,2007
1170,The Orphanage,78638987,2007
1171,The Number 23,77566815,2007
1172,There Will Be Blood,77208711,2007
1173,Next,76066841,2007
1174,Stomp the Yard,75511123,2007
1175,30 Days of Night,75505973,2007
1176,Dragon Wars,75108998,2007
1177,Elizabeth: The Golden Age,74237563,2007
1178,The Kite Runner,73276047,2007
1179,Perfect Stranger,73090611,2007
1180,3:10 to Yuma,70016220,2007
1181,The Brave One,69766619,2007
1182,Because I Said So,69485490,2007
1183,Mr. Magorium's Wonder Emporium,69474661,2007
1184,License to Wed,69307224,2007
1185,Dan in Real Life,68377859,2007
1186,"Lust, Caution",67091915,2007
1187,August Rush,66122026,2007
1188,Underdog,65270477,2007
1189,Taxi 4,65125001,2007
1190,28 Weeks Later,65048678,2007
1191,Lions for Lambs,63215872,2007
1192,The Reaping,62771059,2007
1193,Good Luck Chuck,59192128,2007
1194,Are We Done Yet?,58400000,2007
1195,The Mist,57096190,2007
1196,Into the Wild,56255142,2007
1197,Eastern Promises,56106607,2007
1198,The Irony of Fate. The Sequel,55635037,2007
1199,Why Did I Get Married?,55184721,2007
1200,The Dark Knight,1004558444,2008
1201,Indiana Jones and the Kingdom of the Crystal Skull,786636033,2008
1202,Kung Fu Panda,631744560,2008
1203,Hancock,629443428,2008
1204,Mamma Mia!,609841637,2008
1205,Madagascar: Escape 2 Africa,603900354,2008
1206,Quantum of Solace,589580482,2008
1207,Iron Man,585174222,2008
1208,WALL·E,521311860,2008
1209,The Chronicles of Narnia: Prince Caspian,419665568,2008
1210,Sex and the City,415252786,2008
1211,The Mummy: Tomb of the Dragon Emperor,403449830,2008
1212,Twilight,393616788,2008
1213,Slumdog Millionaire,378410542,2008
1214,Wanted,342463063,2008
1215,The Curious Case of Benjamin Button,333932083,2008
1216,Bolt,309979994,2008
1217,Horton Hears a Who!,298572799,2008
1218,Gran Torino,269958228,2008
1219,"10,000 BC",269784201,2008
1220,High School Musical 3: Senior Year,252909177,2008
1221,Red Cliff,250100000,2008
1222,Welcome to the Sticks,245144417,2008
1223,Marley & Me,242717113,2008
1224,The Day the Earth Stood Still,233093859,2008
1225,Get Smart,230685453,2008
1226,Taken,226830568,2008
1227,Yes Man,223241637,2008
1228,Jumper,222231186,2008
1229,What Happens in Vegas,219375562,2008
1230,Bedtime Stories,212874864,2008
1231,Australia,211787511,2008
1232,You Don't Mess with the Zohan,204313400,2008
1233,Ponyo,202404009,2008
1234,Valkyrie,200276000,2008
1235,Tropic Thunder,195702811,2008
1236,Eagle Eye,178800000,2008
1237,Cloverfield,170764026,2008
1238,Seven Pounds,168167691,2008
1239,The Spiderwick Chronicles,164170327,2008
1240,Four Christmases,163733697,2008
1241,Burn After Reading,163720069,2008
1242,The Incredible Hulk,163712074,2008
1243,The Happening,163403799,2008
1244,Hellboy II: The Golden Army,160388063,2008
1245,27 Dresses,160259319,2008
1246,Vantage Point,151161491,2008
1247,Step Up 2: The Streets,150816700,2008
1248,Beverly Hills Chihuahua,149281606,2008
1249,Astérix at the Olympic Games,132900000,2008
1250,Step Brothers,128107642,2008
1251,The Forbidden Kingdom,127906624,2008
1252,Saw V,113857533,2008
1253,Body of Lies,113280098,2008
1254,Rambo,113244290,2008
1255,Changeling,113020255,2008
1256,Fool's Gold,111231041,2008
1257,Transporter 3,108979549,2008
1258,The Reader,108902486,2008
1259,Made of Honor,106407672,2008
1260,Forgetting Sarah Marshall,105173115,2008
1261,Journey to the Center of the Earth,101702060,2008
1262,Pineapple Express,101624843,2008
1263,Nim's Island,100076342,2008
1264,Vicky Cristina Barcelona,96408652,2008
1265,Speed Racer,93945766,2008
1266,Role Models,92380927,2008
1267,The Tale of Despereaux,86947965,2008
1268,Max Payne,85416905,2008
1269,Meet the Spartans,84646831,2008
1270,Nights in Rodanthe,84375061,2008
1271,The Strangers,82391145,2008
1272,Righteous Kill,79498846,2008
1273,The Other Boleyn Girl,78269970,2008
1274,Death Race,76014335,2008
1275,Ghajini,76000000,2008
1276,Revolutionary Road,75981180,2008
1277,Mirrors,72436439,2008
1278,Babylon A.D.,72108608,2008
1279,Hannah Montana & Miley Cyrus: Best of Both Worlds Concert,70642966,2008
1280,The House Bunny,70442940,2008
1281,Departures,69932387,2008
1282,21,69823199,2008
1283,The X Files: I Want to Believe,68369434,2008
1284,Star Wars: The Clone Wars,68282844,2008
1285,Street Kings,65569869,2008
1286,The Bank Job,64822796,2008
1287,Space Chimps,64762724,2008
1288,Baby Mama,63833449,2008
1289,Inkheart,62803180,2008
1290,The Eye,56309766,2008
1291,"Definitely, Maybe",55447968,2008
1292,Milk,54589558,2008
1293,Untraceable,52659594,2008
1294,College Road Trip,51549674,2008
1295,Defiance,51155219,2008
1296,Doubt,50907234,2008
1297,Snow Buddies,50802372,2008
1298,Meet Dave,50650079,2008
1299,The Women,50007546,2008
1300,Avatar,2847246203,2009
1301,Harry Potter and the Half-Blood Prince,933959197,2009
1302,Ice Age: Dawn of the Dinosaurs,886686817,2009
1303,Transformers: Revenge of the Fallen,836303693,2009
1304,2012,791217826,2009
1305,Up,735099082,2009
1306,The Twilight Saga: New Moon,709827462,2009
1307,Sherlock Holmes,524028679,2009
1308,Angels & Demons,485930816,2009
1309,The Hangover,469310836,2009
1310,Alvin and the Chipmunks: The Squeakquel,443140005,2009
1311,Night at the Museum: Battle of the Smithsonian,413106170,2009
1312,Star Trek,385680446,2009
1313,Monsters vs Aliens,381509870,2009
1314,X-Men Origins: Wolverine,373062864,2009
1315,Terminator Salvation,371353001,2009
1316,Fast & Furious,363164265,2009
1317,A Christmas Carol,325286646,2009
1318,The Ugly Truth,321682600,2009
1319,Inglourious Basterds,321455689,2009
1320,The Proposal,317375031,2009
1321,The Blind Side,309208309,2009
1322,G.I. Joe: The Rise of Cobra,302469017,2009
1323,G-Force,292817841,2009
1324,The Princess and the Frog,270997378,2009
1325,This Is It,261200000,2009
1326,Cloudy with a Chance of Meatballs,242988466,2009
1327,It's Complicated,219103655,2009
1328,Public Enemies,214104620,2009
1329,District 9,210819611,2009
1330,The Final Destination,186167139,2009
1331,Watchmen,185258983,2009
1332,Paul Blart: Mall Cop,183293131,2009
1333,He's Just Not That Into You,178866158,2009
1334,Couples Retreat,171844840,2009
1335,Up in the Air,166842739,2009
1336,Hannah Montana: The Movie,155545279,2009
1337,Knowing,155446362,2009
1338,The Taking of Pelham 1 2 3,150166126,2009
1339,17 Again,136267476,2009
1340,Julie & Julia,129540499,2009
1341,Law Abiding Citizen,126690726,2009
1342,Coraline,124596398,2009
1343,Surrogates,122444772,2009
1344,Invictus,122426792,2009
1345,Red Cliff Part II,121059225,2009
1346,Hotel for Dogs,117000198,2009
1347,Bride Wars,114663461,2009
1348,The Collector,114000000,2009
1349,The Girl with the Dragon Tattoo,109421911,2009
1350,Confessions of a Shopaholic,108332743,2009
1351,Race to Witch Mountain,106303988,2009
1352,Planet 51,104945765,2009
1353,My Bloody Valentine,102836002,2009
1354,Zombieland,102391540,2009
1355,Ghosts of Girlfriends Past,102223269,2009
1356,The Time Traveler's Wife,101344412,2009
1357,Where the Wild Things Are,100140916,2009
1358,Old Dogs,96753696,2009
1359,My Sister's Keeper,95714875,2009
1360,The Lovely Bones,93621340,2009
1361,Underworld: Rise of the Lycans,92158961,2009
1362,"I Love You, Man",91980359,2009
1363,Friday the 13th,91509154,2009
1364,Drag Me to Hell,90810892,2009
1365,Madea Goes to Jail,90508336,2009
1366,Rookies the Movie: Graduation,88055243,2009
1367,State of Play,87784194,2009
1368,Did You Hear About the Morgans?,85280250,2009
1369,Duplicity,78146652,2009
1370,Orphan,77912251,2009
1371,The Haunting in Connecticut,77527732,2009
1372,Fame,77211836,2009
1373,The Unborn,76514050,2009
1374,The Pink Panther 2,75871032,2009
1375,Obsessed,73830340,2009
1376,Tidal Wave,71641901,2009
1377,Funny People,71585235,2009
1378,3 Idiots,70000000,2009
1379,The Men Who Stare at Goats,68729358,2009
1380,Land of the Lost,68688831,2009
1381,Saw VI,68233629,2009
1382,The Girl Who Played with Fire,67126795,2009
1383,The Imaginarium of Doctor Parnassus,64352607,2009
1384,Little Nicholas,62794894,2009
1385,Year One,62357900,2009
1386,(500) Days of Summer,60781545,2009
1387,Ninja Assassin,60462347,2009
1388,The International,60161391,2009
1389,Dragonball Evolution,58228460,2009
1390,Aliens in the Attic,57881056,2009
1391,Nine,53825515,2009
1392,One Piece Film: Strong World,53000000,2009
1393,Daybreakers,51416464,2009
1394,Pokémon: Arceus and the Jewel of Life,50673078,2009
1395,"Woodstock, 3 days of peace & music",50000000,2009
1396,Rabbit Without Ears 2,48720000,2009
1397,9,48428063,2009
1398,The Fourth Kind,47709193,2009
1399,Precious,47536959,2009
1400,Toy Story 3,1066969703,2010
1401,Alice in Wonderland,1025467110,2010
1402,Harry Potter and the Deathly Hallows: Part 1,954305868,2010
1403,Inception,825532764,2010
1404,Shrek Forever After,752600867,2010
1405,The Twilight Saga: Eclipse,698491347,2010
1406,Iron Man 2,623933331,2010
1407,Tangled,592461732,2010
1408,Despicable Me,533679475,2010
1409,How to Train Your Dragon,494878759,2010
1410,Clash of the Titans,493214993,2010
1411,The Chronicles of Narnia: The Voyage of the Dawn Treader,415686217,2010
1412,The King's Speech,414211549,2010
1413,TRON: Legacy,400062763,2010
1414,The Karate Kid,359126022,2010
1415,Tom and Jerry Meet Sherlock Holmes,347988775,2010
1416,Prince of Persia: The Sands of Time,335154643,2010
1417,Black Swan,329398046,2010
1418,Megamind,321885765,2010
1419,Robin Hood,321669741,2010
1420,The Last Airbender,319713881,2010
1421,Little Fockers,310650585,2010
1422,Resident Evil: Afterlife,300228084,2010
1423,Shutter Island,294800000,2010
1424,Salt,293329073,2010
1425,Sex and the City 2,290745055,2010
1426,The Tourist,278731369,2010
1427,The Expendables,274470394,2010
1428,Grown Ups,271430189,2010
1429,Knight and Day,261930431,2010
1430,True Grit,252276927,2010
1431,Gulliver's Travels,237382724,2010
1432,Percy Jackson & the Olympians: The Lightning Thief,226497209,2010
1433,The Social Network,224920315,2010
1434,Valentine's Day,216485654,2010
1435,The Sorcerer's Apprentice,215283742,2010
1436,Due Date,211780824,2010
1437,Eat Pray Love,204594016,2010
1438,Yogi Bear,203509374,2010
1439,Paranormal Activity 2,177512032,2010
1440,The A-Team,177238796,2010
1441,The Other Guys,170432927,2010
1442,Unstoppable,167805466,2010
1443,Step Up 3D,159291809,2010
1444,The Book of Eli,157107755,2010
1445,The Town,154026136,2010
1446,Date Night,152263880,2010
1447,The Secret World of Arrietty,145570827,2010
1448,Legend of the Guardians: The Owls of Ga'Hoole,140073390,2010
1449,The Bounty Hunter,136333522,2010
1450,Saw 3D,136150434,2010
1451,Wall Street: Money Never Sleeps,134748021,2010
1452,Predators,127233108,2010
1453,Nanny McPhee and the Big Bang,123276807,2010
1454,Jackass 3D,117224271,2010
1455,A Nightmare on Elm Street,115664037,2010
1456,Dear John,114977104,2010
1457,Cats & Dogs: The Revenge of Kitty Galore,112483764,2010
1458,Tooth Fairy,112462508,2010
1459,Hereafter,106956330,2010
1460,Life As We Know It,105734416,2010
1461,Let the Bullets Fly,104731450,2010
1462,Love & Other Drugs,102820008,2010
1463,Aftershock,100297064,2010
1464,Killers,98159963,2010
1465,Insidious,97009150,2010
1466,Kick-Ass,96188903,2010
1467,Green Zone,94882889,2010
1468,Nothing to Declare,93800000,2010
1469,The Fighter,93617009,2010
1470,Get Him to the Greek,90029656,2010
1471,Burlesque,89519773,2010
1472,The Last Song,89137047,2010
1473,Dinner for Schmucks,86387857,2010
1474,Marmaduke,83761844,2010
1475,Doraemon: Nobita's Great Battle of the Mermaid King,83686340,2010
1476,Piranha 3D,83188165,2010
1477,Letters to Juliet,82148538,2010
1478,Edge of Darkness,81126522,2010
1479,Vampires Suck,80547866,2010
1480,The Back-Up Plan,77477008,2010
1481,Diary of a Wimpy Kid,76196538,2010
1482,Easy A,75026327,2010
1483,Bayside Shakedown 3: Set the Guys Loose,72500000,2010
1484,RED,71664962,2010
1485,A Turtle's Tale: Sammy's Adventures,71594792,2010
1486,Takers,69055695,2010
1487,Legion,67918658,2010
1488,The Last Exorcism,67738090,2010
1489,Skyline,66984887,2010
1490,The Spy Next Door,66166000,2010
1491,Benvenuti al Sud,65584679,2010
1492,The American,65464324,2010
1493,Hot Tub Time Machine,64780213,2010
1494,Elite Squad: The Enemy Within,63027681,2010
1495,Robot,62000000,2010
1496,The Ghost Writer,60331447,2010
1497,Secretariat,60321861,2010
1498,Why Did I Get Married Too?,60072596,2010
1499,Morning Glory,60040976,2010
1500,Harry Potter and the Deathly Hallows: Part 2,1341511219,2011
1501,Transformers: Dark of the Moon,1123794079,2011
1502,Pirates of the Caribbean: On Stranger Tides,1045713802,2011
1503,The Twilight Saga: Breaking Dawn - Part 1,712171856,2011
1504,Mission: Impossible - Ghost Protocol,694713380,2011
1505,Kung Fu Panda 2,665692281,2011
1506,Fast Five,626137675,2011
1507,The Hangover Part II,586764305,2011
1508,The Smurfs,563749323,2011
1509,Cars 2,559852396,2011
1510,Puss in Boots,554987477,2011
1511,Rio,484635760,2011
1512,Rise of the Planet of the Apes,482860185,2011
1513,Thor,449326618,2011
1514,The Intouchables,426588510,2011
1515,The Adventures of Tintin,371940071,2011
1516,Captain America: The First Avenger,370569774,2011
1517,X-Men: First Class,353624124,2011
1518,Alvin and the Chipmunks: Chipwrecked,342695435,2011
1519,Sherlock Holmes: A Game of Shadows,334615000,2011
1520,Real Steel,299268508,2011
1521,Bridesmaids,288383523,2011
1522,Super 8,260095986,2011
1523,Rango,245724603,2011
1524,The Girl with the Dragon Tattoo,232617430,2011
1525,The Green Hornet,227817248,2011
1526,Immortals,226904017,2011
1527,Green Lantern,219851172,2011
1528,The Help,216639112,2011
1529,Bad Teacher,216197492,2011
1530,Just Go with It,214945591,2011
1531,Battle: Los Angeles,211819354,2011
1532,Horrible Bosses,209838559,2011
1533,Paranormal Activity 3,207039844,2011
1534,Gnomeo & Juliet,189712432,2011
1535,Mr. Popper's Penguins,187361754,2011
1536,Hugo,185770160,2011
1537,Hop,183953723,2011
1538,War Horse,177584879,2011
1539,The Descendants,177243185,2011
1540,Cowboys & Aliens,174822325,2011
1541,In Time,173930596,2011
1542,Zookeeper,169852759,2011
1543,The Muppets,165184237,2011
1544,Limitless,161849455,2011
1545,Johnny English Reborn,160078586,2011
1546,Zindagi Na Milegi Dobara,160000000,2011
1547,Final Destination 5,157887643,2011
1548,Tower Heist,152930623,2011
1549,Midnight in Paris,151119219,2011
1550,Happy Feet Two,150406466,2011
1551,I Am Number Four,149878437,2011
1552,Jack and Jill,149673788,2011
1553,Friends with Benefits,149542245,2011
1554,No Strings Attached,149228077,2011
1555,Source Code,147332697,2011
1556,"Crazy, Stupid, Love.",142851197,2011
1557,New Year's Eve,142044638,2011
1558,Contagion,137551594,2011
1559,The Best Exotic Marigold Hotel,136836156,2011
1560,The Artist,133432856,2011
1561,Ghost Rider: Spirit of Vengeance,132563930,2011
1562,The Three Musketeers,132274484,2011
1563,Unknown,130786397,2011
1564,The Adjustment Bureau,127869379,2011
1565,We Bought a Zoo,120081841,2011
1566,Water for Elephants,117094902,2011
1567,The Iron Lady,115890699,2011
1568,Moneyball,110206216,2011
1569,Sanctum,108609310,2011
1570,7Aum Arivu,98900000,2011
1571,Justin Bieber: Never Say Never,98441954,2011
1572,Paul,97984015,2011
1573,Scream 4,97231420,2011
1574,The Rite,96047633,2011
1575,Dolphin Tale,95404397,2011
1576,The Flowers of War,95311434,2011
1577,Season of the Witch,91627228,2011
1578,Sucker Punch,89792502,2011
1579,Red Riding Hood,89162162,2011
1580,The Inbetweeners Movie,88823111,2011
1581,Hall Pass,86157237,2011
1582,Spy Kids: All the Time in the World,85564310,2011
1583,The Lincoln Lawyer,85412898,2011
1584,J. Edgar,84606030,2011
1585,"Big Mommas: Like Father, Like Son",83615414,2011
1586,Abduction,82087155,2011
1587,Tinker Tailor Soldier Spy,80630608,2011
1588,Priest,78309131,2011
1589,Drive,78054825,2011
1590,The Grey,77278331,2011
1591,The Ides of March,76338111,2011
1592,The Change-Up,75450437,2011
1593,Larry Crowne,75055070,2011
1594,Diary of a Wimpy Kid: Rodrick Rules,72526996,2011
1595,The Dilemma,67112664,2011
1596,Something Borrowed,65090821,2011
1597,The Darkest Hour,64626786,2011
1598,Hanna,63782078,2011
1599,Footloose,63543328,2011
1600,The Avengers,1518815515,2012
1601,Skyfall,1108561013,2012
1602,The Dark Knight Rises,1081041287,2012
1603,The Hobbit: An Unexpected Journey,1021103568,2012
1604,Ice Age: Continental Drift,877244782,2012
1605,The Twilight Saga: Breaking Dawn - Part 2,829000000,2012
1606,The Amazing Spider-Man,757930663,2012
1607,Madagascar 3: Europe's Most Wanted,746921274,2012
1608,The Hunger Games,691210692,2012
1609,Men in Black 3,624026776,2012
1610,Life of Pi,609016565,2012
1611,Ted,549368315,2012
1612,Brave,538983207,2012
1613,Love and Germophobia,499999999,2012
1614,Wreck-It Ralph,471222889,2012
1615,Les Misérables,441809770,2012
1616,Django Unchained,425368238,2012
1617,Prometheus,403170142,2012
1618,Snow White and the Huntsman,396600000,2012
1619,Taken 2,376141306,2012
1620,Hotel Transylvania,358375603,2012
1621,Journey 2: The Mysterious Island,355692760,2012
1622,The Lorax,348840316,2012
1623,The Expendables 2,314975955,2012
1624,Rise of the Guardians,306941670,2012
1625,Battleship,303025485,2012
1626,Wrath of the Titans,301970083,2012
1627,John Carter,284139100,2012
1628,The Bourne Legacy,276572938,2012
1629,Lincoln,275293450,2012
1630,Dark Shadows,245527149,2012
1631,Resident Evil: Retribution,240159255,2012
1632,Silver Linings Playbook,236412453,2012
1633,American Reunion,234989584,2012
1634,Argo,232325503,2012
1635,Jack Reacher,218340595,2012
1636,Safe House,208076205,2012
1637,Lost in Thailand,208000000,2012
1638,21 Jump Street,201585328,2012
1639,Total Recall,198802074,2012
1640,The Impossible,198087212,2012
1641,The Vow,196114570,2012
1642,Mirror Mirror,183018522,2012
1643,The Dictator,179379533,2012
1644,Chinese Zodiac,171339013,2012
1645,Magic Mike,167221571,2012
1646,Flight,161772375,2012
1647,Underworld: Awakening,160112671,2012
1648,This Means War,156974557,2012
1649,Chronicle,145000000,2012
1650,Paranormal Activity 4,142817992,2012
1651,Step Up Revolution,140470746,2012
1652,Zero Dark Thirty,132820716,2012
1653,Cloud Atlas,130482868,2012
1654,The Woman in Black,127730736,2012
1655,The Pirates! In an Adventure with Scientists!,123054041,2012
1656,Parental Guidance,119772232,2012
1657,Abraham Lincoln: Vampire Hunter,116471580,2012
1658,Pitch Perfect,115400000,2012
1659,Hope Springs,114281051,2012
1660,ParaNorman,107139399,2012
1661,The Campaign,104907746,2012
1662,Painted Skin: The Resurrection,103131994,2012
1663,The Devil Inside,101758490,2012
1664,Someone Wants to Talk with You,100000000,2012
1665,The Lucky One,99357138,2012
1666,Contraband,96262212,2012
1667,Think Like a Man,96070507,2012
1668,This Is 40,88058786,2012
1669,The Possession,85446075,2012
1670,The Thieves,83519699,2012
1671,Savages,82966152,2012
1672,Sinister,82515113,2012
1673,Frankenweenie,81493846,2012
1674,Act of Valor,81272766,2012
1675,What to Expect When You're Expecting,79700000,2012
1676,Diary of a Wimpy Kid: Dog Days,76196538,2012
1677,To Rome with Love,73244881,2012
1678,Here Comes the Boom,73100172,2012
1679,The Cabin in the Woods,71041255,2012
1680,Anna Karenina,68929150,2012
1681,The Watch,68267862,2012
1682,Moonrise Kingdom,68263166,2012
1683,Madea's Witness Protection,66899242,2012
1684,Rurouni Kenshin Part I: Origins,61700000,2012
1685,Evangelion: 3.0 You Can (Not) Redo,60487945,2012
1686,Quartet,59520298,2012
1687,Rock of Ages,59418613,2012
1688,That's My Boy,58058367,2012
1689,The Odd Life of Timothy Green,56012642,2012
1690,Wolf Children,55060661,2012
1691,The Three Stooges,54819301,2012
1692,The Five-Year Engagement,54169363,2012
1693,Lawless,53676580,2012
1694,Silent Hill: Revelation 3D,52302796,2012
1695,Ek Tha Tiger,51000000,2012
1696,Red Tails,50365377,2012
1697,HOUBA! On the Trail of the Marsupilami,48600000,2012
1698,End of Watch,48126384,2012
1699,Looper,47042000,2012
1700,Frozen,1274219009,2013
1701,Iron Man 3,1214811252,2013
1702,Despicable Me 2,970761885,2013
1703,The Hobbit: The Desolation of Smaug,958400000,2013
1704,The Hunger Games: Catching Fire,847423452,2013
1705,Fast & Furious 6,788680968,2013
1706,Man of Steel,754045518,2013
1707,Monsters University,743559607,2013
1708,Gravity,723192705,2013
1709,Thor: The Dark World,644571402,2013
1710,The Croods,587204668,2013
1711,World War Z,531865000,2013
1712,Oz the Great and Powerful,491868548,2013
1713,Star Trek Into Darkness,467365246,2013
1714,The Wolverine,415440673,2013
1715,Pacific Rim,407602906,2013
1716,The Wolf of Wall Street,392000000,2013
1717,G.I. Joe: Retaliation,371876278,2013
1718,The Hangover Part III,362000072,2013
1719,Now You See Me,351723989,2013
1720,The Great Gatsby,351040419,2013
1721,The Smurfs 2,347434178,2013
1722,The Conjuring,319494638,2013
1723,A Good Day to Die Hard,304654182,2013
1724,Oblivion,286168572,2013
1725,Elysium,286140700,2013
1726,Turbo,282570682,2013
1727,We're the Millers,269994119,2013
1728,Epic,268426634,2013
1729,The Lone Ranger,260502115,2013
1730,American Hustle,251171807,2013
1731,Cloudy with a Chance of Meatballs 2,248384621,2013
1732,Grown Ups 2,247022278,2013
1733,After Earth,243843127,2013
1734,Hansel & Gretel: Witch Hunters,226349749,2013
1735,Planes,219788712,2013
1736,Captain Phillips,218791811,2013
1737,White House Down,205366737,2013
1738,Percy Jackson: Sea of Monsters,199850315,2013
1739,Jack the Giant Slayer,197687603,2013
1740,The Secret Life of Walter Mitty,188133322,2013
1741,12 Years a Slave,187000000,2013
1742,Identity Thief,173965010,2013
1743,Anchorman 2: The Legend Continues,173649015,2013
1744,Olympus Has Fallen,161025640,2013
1745,Insidious: Chapter 2,161000000,2013
1746,The Heat,158674180,2013
1747,Jackass Presents: Bad Grandpa,151831537,2013
1748,47 Ronin,150962475,2013
1749,Lone Survivor,149295601,2013
1750,RED 2,148100000,2013
1751,Mama,146497771,2013
1752,Last Vegas,134402450,2013
1753,2 Guns,131940411,2013
1754,Walking with Dinosaurs,126546518,2013
1755,This Is the End,126041322,2013
1756,Ender's Game,125537191,2013
1757,Escape Plan,122915111,2013
1758,Prisoners,122126687,2013
1759,The Wind Rises,117932401,2013
1760,Warm Bodies,116980662,2013
1761,So Young,116000000,2013
1762,The Butler,115922175,2013
1763,Saving Mr. Banks,112544580,2013
1764,Free Birds,110000000,2013
1765,Gangster Squad,105200903,2013
1766,Philomena,100129872,2013
1767,Blue Jasmine,99206215,2013
1768,Instructions Not Included,99067206,2013
1769,Young Detective Dee: Rise of the Sea Dragon,98774891,2013
1770,Riddick,98337295,2013
1771,Safe Haven,97594140,2013
1772,Evil Dead,97542952,2013
1773,The Mortal Instruments: City of Bones,95396573,2013
1774,42,95020213,2013
1775,Dhoom 3,91000000,2013
1776,Rush,90247624,2013
1777,The Purge,89328627,2013
1778,American Dreams in China,88000000,2013
1779,Pain & Gain,87305549,2013
1780,About Time,87100449,2013
1781,Snowpiercer,86758912,2013
1782,The Eternal Zero,84500000,2013
1783,Carrie,82394288,2013
1784,Finding Mr. Right,81350000,2013
1785,Police Story: Lockdown,81170000,2013
1786,Scary Movie 5,78378744,2013
1787,The Book Thief,76586316,2013
1788,Escape from Planet Earth,74597643,2013
1789,August: Osage County,74188937,2013
1790,The Best Man Holiday,71625195,2013
1791,The Counselor,71009334,2013
1792,The Call,68572378,2013
1793,One Direction: This Is Us,68500000,2013
1794,Stalingrad,68129518,2013
1795,The House of Magic,64197205,2013
1796,The Grandmaster,64076736,2013
1797,Begin Again,63464861,2013
1798,Side Effects,63372757,2013
1799,The Host,63327201,2013
1800,Transformers: Age of Extinction,1104000000,2014
1801,The Hobbit: The Battle of the Five Armies,956019788,2014
1802,Guardians of the Galaxy,772776600,2014
1803,Maleficent,758539785,2014
1804,The Hunger Games: Mockingjay - Part 1,752100229,2014
1805,X-Men: Days of Future Past,747862775,2014
1806,Captain America: The Winter Soldier,714766572,2014
1807,Dawn of the Planet of the Apes,710644566,2014
1808,The Amazing Spider-Man 2,708962323,2014
1809,Interstellar,701729206,2014
1810,Big Hero 6,657827828,2014
1811,How to Train Your Dragon 2,621537500,2014
1812,American Sniper,542307423,2014
1813,Godzilla,529076069,2014
1814,Rio 2,500188435,2014
1815,Teenage Mutant Ninja Turtles,477200000,2014
1816,The Lego Movie,469160692,2014
1817,Lucy,458863600,2014
1818,Kingsman: The Secret Service,414351546,2014
1819,Penguins of Madagascar,373552094,2014
1820,Edge of Tomorrow,370541256,2014
1821,Gone Girl,369330363,2014
1822,Night at the Museum: Secret of the Tomb,363204635,2014
1823,Noah,362637473,2014
1824,The Maze Runner,348319861,2014
1825,300: Rise of an Empire,337580051,2014
1826,Taken 3,325771424,2014
1827,The Fault in Our Stars,307166834,2014
1828,Divergent,288747895,2014
1829,Mr. Peabody & Sherman,272912430,2014
1830,Neighbors,270665134,2014
1831,Exodus: Gods and Kings,268031828,2014
1832,Paddington,259207227,2014
1833,Annabelle,257047661,2014
1834,Hercules,244819862,2014
1835,RoboCop,242688965,2014
1836,The Imitation Game,233555708,2014
1837,Non-Stop,222809600,2014
1838,Dracula Untold,217124280,2014
1839,Into the Woods,212902372,2014
1840,Fury,211817906,2014
1841,The Expendables 3,206172544,2014
1842,Need for Speed,203277636,2014
1843,The Other Woman,196781193,2014
1844,The Equalizer,192330738,2014
1845,22 Jump Street,188441614,2014
1846,Serial (Bad) Weddings,176404493,2014
1847,The Grand Budapest Hotel,174600318,2014
1848,Dumb and Dumber To,169837010,2014
1849,Unbroken,163442937,2014
1850,Into the Storm,160602194,2014
1851,The Monuments Men,154984035,2014
1852,Ride Along,153997819,2014
1853,Planes: Fire & Rescue,151165787,2014
1854,The Taking of Tiger Mountain,141654055,2014
1855,Let's Be Cops,136621271,2014
1856,Jack Ryan: Shadow Recruit,135511030,2014
1857,Annie,133821816,2014
1858,Blended,127994610,2014
1859,Sex Tape,126069509,2014
1860,The Theory of Everything,123726688,2014
1861,The Nut Job,122529966,2014
1862,PK,120000000,2014
1863,Pompeii,117831631,2014
1864,Seventh Son,114178613,2014
1865,The Admiral: Roaring Currents,112156811,2014
1866,The Purge: Anarchy,111928365,2014
1867,"Where Are We Going, Dad?",111870000,2014
1868,The Boxtrolls,108255770,2014
1869,Horrible Bosses 2,107670357,2014
1870,The Breakup Guru,106640000,2014
1871,Ode To My Father,105365782,2014
1872,Ouija,103590271,2014
1873,Birdman or (The Unexpected Virtue of Ignorance),103215094,2014
1874,Transcendence,103039258,2014
1875,Heaven Is for Real,101332962,2014
1876,"Alexander and the Terrible, Horrible, No Good, Very Bad Day",100654149,2014
1877,Tammy,100525432,2014
1878,George Strait: The Cowboy Rides Away,99000000,2014
1879,The Book of Life,97437106,2014
1880,The Hundred-Foot Journey,88880821,2014
1881,John Wick,88761661,2014
1882,Deliver Us from Evil,87937815,2014
1883,A Million Ways to Die in the West,86410000,2014
1884,Paranormal Activity: The Marked Ones,86362372,2014
1885,Step Up All In,86165646,2014
1886,The Judge,83719388,2014
1887,Stand by Me Doraemon,83061158,2014
1888,Muppets Most Wanted,80383290,2014
1889,Spanish Affair,78768613,2014
1890,If I Stay,78274843,2014
1891,"I, Frankenstein",76801179,2014
1892,My Old Classmate,76000000,2014
1893,Think Like a Man Too,70181428,2014
1894,Brick Mansions,68896829,2014
1895,Son of God,67800064,2014
1896,Jersey Boys,67347013,2014
1897,The Giver,66980456,2014
1898,Selma,66787908,2014
1899,The Legend of Hercules,61279452,2014
1900,Star Wars: The Force Awakens,2068223624,2015
1901,Jurassic World,1671713208,2015
1902,Furious 7,1515047671,2015
1903,Avengers: Age of Ultron,1405403694,2015
1904,Minions,1156730962,2015
1905,Spectre,880674609,2015
1906,Inside Out,857611174,2015
1907,Mission: Impossible - Rogue Nation,682330139,2015
1908,The Hunger Games: Mockingjay - Part 2,653428261,2015
1909,The Martian,630161890,2015
1910,Fifty Shades of Grey,571006128,2015
1911,Cinderella,543514353,2015
1912,The Revenant,532950503,2015
1913,Ant-Man,519311965,2015
1914,San Andreas,473990832,2015
1915,Hotel Transylvania 2,473226958,2015
1916,Terminator Genisys,440603537,2015
1917,Mad Max: Fury Road,378858340,2015
1918,Home,368871007,2015
1919,The Good Dinosaur,332207671,2015
1920,Maze Runner: The Scorch Trials,312296056,2015
1921,The SpongeBob Movie: Sponge Out of Water,311594032,2015
1922,Insurgent,295238201,2015
1923,Pitch Perfect 2,287506194,2015
1924,Mojin: The Lost Legend,278300000,2015
1925,The Peanuts Movie,246233113,2015
1926,Pixels,243637091,2015
1927,Daddy's Home,242786137,2015
1928,Spy,235666219,2015
1929,Alvin and the Chipmunks: The Road Chip,233755553,2015
1930,Ted 2,215863606,2015
1931,Tomorrowland,209154322,2015
1932,Everest,203427584,2015
1933,Straight Outta Compton,201634991,2015
1934,The Intern,194564672,2015
1935,Jupiter Ascending,183987723,2015
1936,Creed,173567581,2015
1937,Fantastic Four,167977596,2015
1938,Bridge of Spies,165478348,2015
1939,Goosebumps,158162788,2015
1940,Ip Man 3,156844753,2015
1941,The Hateful Eight,155760117,2015
1942,Focus,153962963,2015
1943,Monkey King: Hero Is Back,150000000,2015
1944,Bajrangi Bhaijaan,150000000,2015
1945,The Last Witch Hunter,146936910,2015
1946,Trainwreck,140795793,2015
1947,Point Break,133718711,2015
1948,The Big Short,133346506,2015
1949,Pan,128388320,2015
1950,Wolf Totem,123205624,2015
1951,Dragon Blade,121545703,2015
1952,Magic Mike XXL,117813057,2015
1953,Get Hard,111811453,2015
1954,The Man from U.N.C.L.E.,108145109,2015
1955,Paul Blart: Mall Cop 2,107597242,2015
1956,Shaun the Sheep Movie,106209378,2015
1957,Sisters,105011053,2015
1958,Chappie,104399548,2015
1959,Vacation,104384188,2015
1960,Insidious: Chapter 3,104303851,2015
1961,Joy,101134059,2015
1962,Chronicles of the Ghostly Tribe,99849421,2015
1963,Black Mass,98837872,2015
1964,Spotlight,98690254,2015
1965,The Visit,98450062,2015
1966,The Little Prince,97571250,2015
1967,Poltergeist,95437994,2015
1968,In the Heart of the Sea,93920758,2015
1969,Southpaw,91709827,2015
1970,Bāhubali: The Beginning,90747520,2015
1971,Veteran,87970000,2015
1972,The Second Best Exotic Marigold Hotel,85978266,2015
1973,Paper Towns,85512300,2015
1974,Sicario,84872444,2015
1975,Suck Me Shakespeer 2,83027924,2015
1976,Hitman: Agent 47,81967450,2015
1977,Wolf Warrior,80000000,2015
1978,The Wedding Ringer,79799880,2015
1979,Paranormal Activity: The Ghost Dimension,78096553,2015
1980,Jawani Phir Nahi Ani,77000000,2015
1981,Crimson Peak,74679822,2015
1982,The Transporter Refueled,72629670,2015
1983,Run All Night,71561644,2015
1984,War Room,67790117,2015
1985,Prem Ratan Dhan Payo,67000000,2015
1986,The Age of Adaline,65663276,2015
1987,Hot Tub Time Machine 2,64780213,2015
1988,The Danish Girl,64191523,2015
1989,The Lazarus Effect,64110728,2015
1990,The Longest Ride,63013281,2015
1991,Unfriended,62882090,2015
1992,Brooklyn,62076141,2015
1993,Inside Men,62000000,2015
1994,Krampus,61788393,2015
1995,Dragon Ball Z: Resurrection 'F',61768190,2015
1996,Woman in Gold,61619773,2015
1997,The Walk,61181942,2015
1998,Dilwale,61000000,2015
1999,The Perfect Guy,60273173,2015
2000,Captain America: Civil War,1153296293,2016
2001,Rogue One: A Star Wars Story,1056057273,2016
2002,Finding Dory,1028570889,2016
2003,Zootopia,1023784195,2016
2004,The Jungle Book,966550600,2016
2005,The Secret Life of Pets,875457937,2016
2006,Batman v Superman: Dawn of Justice,873634919,2016
2007,Fantastic Beasts and Where to Find Them,809342332,2016
2008,Deadpool,783100000,2016
2009,Suicide Squad,746846894,2016
2010,Moana,690860472,2016
2011,Doctor Strange,677700000,2016
2012,Sing,634151679,2016
2013,The Mermaid,553810228,2016
2014,X-Men: Apocalypse,543934787,2016
2015,Kung Fu Panda 3,521170825,2016
2016,La La Land,448900000,2016
2017,Warcraft,433677183,2016
2018,Jason Bourne,415484914,2016
2019,Ice Age: Collision Course,408579038,2016
2020,Independence Day: Resurgence,389681935,2016
2021,Your Name.,357986087,2016
2022,The Legend of Tarzan,356743061,2016
2023,The Angry Birds Movie,349779543,2016
2024,Trolls,346864462,2016
2025,Star Trek Beyond,343471816,2016
2026,Now You See Me 2,334901337,2016
2027,The Great Wall,331957105,2016
2028,The Conjuring 2,320392818,2016
2029,Resident Evil: The Final Chapter,312242626,2016
2030,Dangal,310000000,2016
2031,Passengers,303144152,2016
2032,Alice Through the Looking Glass,299457024,2016
2033,Miss Peregrine's Home for Peculiar Children,296482446,2016
2034,Split,278454358,2016
2035,Teenage Mutant Ninja Turtles: Out of the Shadows,245623848,2016
2036,Sully,240797623,2016
2037,Assassin's Creed,240697856,2016
2038,Hidden Figures,230698791,2016
2039,Ghostbusters,229147509,2016
2040,Inferno,220021259,2016
2041,Central Intelligence,216972543,2016
2042,Bridget Jones's Baby,211952420,2016
2043,Me Before You,207945075,2016
2044,London Has Fallen,205754447,2016
2045,Arrival,203388186,2016
2046,The BFG,195243411,2016
2047,The Monkey King 2,193677158,2016
2048,A Aa,189432924,2016
2049,Royal Treasure,186708860,2016
2050,Bad Moms,183936074,2016
2051,Storks,182379278,2016
2052,Allegiant,179246868,2016
2053,Hacksaw Ridge,175302354,2016
2054,The Girl on the Train,173185859,2016
2055,Operation Mekong,173000000,2016
2056,The Huntsman: Winter's War,164989338,2016
2057,The Magnificent Seven,162360636,2016
2058,Jack Reacher: Never Go Back,162146076,2016
2059,Don't Breathe,159047649,2016
2060,The Accountant,155160045,2016
2061,Gods of Egypt,150680864,2016
2062,Lights Out,148868835,2016
2063,Pete's Dragon,143695338,2016
2064,Sausage Party,140705322,2016
2065,Lion,140312928,2016
2066,Mechanic: Resurrection,125729635,2016
2067,Ride Along 2,124827316,2016
2068,Deepwater Horizon,121790373,2016
2069,Allied,119520023,2016
2070,The Shallows,119100758,2016
2071,The Purge: Election Year,118587880,2016
2072,Why Him?,118102725,2016
2073,Office Christmas Party,114501299,2016
2074,How to Be Single,112343513,2016
2075,The 5th Wave,109906372,2016
2076,Neighbors 2: Sorority Rising,108758521,2016
2077,10 Cloverfield Lane,108286421,2016
2078,Cold War II,103197501,2016
2079,Railroad Tigers,102205175,2016
2080,Sultan,102000000,2016
2081,Dirty Grandpa,94073028,2016
2082,Ben-Hur,94061311,2016
2083,Money Monster,93282604,2016
2084,My Big Fat Greek Wedding 2,90632641,2016
2085,Line Walker,88658655,2016
2086,Collateral Beauty,88528280,2016
2087,Train to Busan,87547518,2016
2088,War Dogs,86234523,2016
2089,Nerve,85241496,2016
2090,Big Fish & Begonia,84552250,2016
2091,Ouija: Origin of Evil,81705746,2016
2092,Underworld: Blood Wars,81093313,2016
2093,Manchester by the Sea,78988148,2016
2094,The Boss,78636257,2016
2095,Shin Godzilla,77947607,2016
2096,Mike and Dave Need Wedding Dates,77068246,2016
2097,Kubo and the Two Strings,76249438,2016
2098,Where Am I Going?,75173000,2016
2099,Boo! A Madea Halloween,74827344,2016
2100,Beauty and the Beast,1263521126,2017
2101,The Fate of the Furious,1238764765,2017
2102,Despicable Me 3,1031552585,2017
2103,Jumanji: Welcome to the Jungle,962102237,2017
2104,Spider-Man: Homecoming,880166924,2017
2105,Wolf Warrior 2,870322670,2017
2106,Guardians of the Galaxy Vol. 2,863756051,2017
2107,Thor: Ragnarok,853977126,2017
2108,Wonder Woman,821847012,2017
2109,Coco,800526015,2017
2110,Pirates of the Caribbean: Dead Men Tell No Tales,794861794,2017
2111,It,701796444,2017
2112,Justice League,657924295,2017
2113,Logan,619021436,2017
2114,Transformers: The Last Knight,605425157,2017
2115,Kong: Skull Island,566652812,2017
2116,Dunkirk,527000000,2017
2117,The Boss Baby,498814908,2017
2118,War for the Planet of the Apes,488533726,2017
2119,Chasing the Dragon,445000000,2017
2120,The Greatest Showman,432844677,2017
2121,Kingsman: The Golden Circle,410902662,2017
2122,The Mummy,409231607,2017
2123,Cars 3,383925276,2017
2124,Fifty Shades Darker,378827494,2017
2125,Murder on the Orient Express,351839303,2017
2126,xXx: Return of Xander Cage,346147658,2017
2127,Never Say Die,334530869,2017
2128,The Lego Batman Movie,311950384,2017
2129,Annabelle: Creation,306515884,2017
2130,Wonder,305937718,2017
2131,Ferdinand,295038508,2017
2132,Bāhubali 2: The Conclusion,275947313,2017
2133,Blade Runner 2049,259239658,2017
2134,Get Out,255407969,2017
2135,Kung Fu Yoga,254212245,2017
2136,Alien: Covenant,232380243,2017
2137,Paddington 2,227300000,2017
2138,Baby Driver,226945087,2017
2139,Valerian and the City of a Thousand Planets,225874228,2017
2140,Youth,224160000,2017
2141,Geostorm,221600160,2017
2142,The Emoji Movie,216909830,2017
2143,A Dog's Purpose,205035819,2017
2144,One Cut of the Dead,200000000,2017
2145,Smurfs: The Lost Village,197183546,2017
2146,The Shape of Water,194989655,2017
2147,Pitch Perfect 3,184724494,2017
2148,Daddy's Home 2,180613180,2017
2149,The Post,179769467,2017
2150,Baywatch,177856751,2017
2151,The Hitman's Bodyguard,176586701,2017
2152,John Wick: Chapter 2,171539887,2017
2153,Ghost in the Shell,169801921,2017
2154,Italy Italy,162593526,2017
2155,"Three Billboards Outside Ebbing, Missouri",160192031,2017
2156,Darkest Hour,150847207,2017
2157,King Arthur: Legend of the Sword,148675066,2017
2158,The Foreigner,145374099,2017
2159,Power Rangers,142337240,2017
2160,Girls Trip,140376621,2017
2161,Secret Superstar,137416709,2017
2162,American Made,133511855,2017
2163,A Bad Moms Christmas,130560428,2017
2164,Along with the Gods: The Two Worlds,125983972,2017
2165,Captain Underpants: The First Epic Movie,125289450,2017
2166,The Lego Ninjago Movie,123081555,2017
2167,Happy Death Day,122637878,2017
2168,The Dark Tower,113231078,2017
2169,Jigsaw,102952888,2017
2170,Life,100541806,2017
2171,Atomic Blonde,100014025,2017
2172,The Shack,92924405,2017
2173,Heartthrob,90000000,2017
2174,Tiger Zinda Hai,87320000,2017
2175,Going in Style,84618541,2017
2176,Rings,83080890,2017
2177,A Taxi Driver,81927980,2017
2178,City of Rock,80000000,2017
2179,Lady Bird,78966486,2017
2180,Boonie Bears: Entangled Worlds,77174241,2017
2181,American Assassin,67200000,2017
2182,Victoria & Abdul,65421267,2017
2183,The Nut Job 2: Nutty by Nature,65146020,2017
2184,Detective Conan: The Crimson Love Letter,63147576,2017
2185,The Mountain Between Us,62832209,2017
2186,"Everything, Everything",61621140,2017
2187,Snatched,60845711,2017
2188,My Little Pony: The Movie,60330833,2017
2189,Molly's Game,59284015,2017
2190,All the Money in the World,56996304,2017
2191,The Big Sick,56303596,2017
2192,Confidential Assignment,56100000,2017
2193,Downsizing,55003890,2017
2194,"I, Tonya",53939297,2017
2195,The Outlaws,52946454,2017
2196,Hindi Medium,52390000,2017
2197,Three Seconds,51169464,2017
2198,1987: When the Day Comes,49380115,2017
2199,Logan Lucky,48453605,2017
2200,Avengers: Infinity War,2046239637,2018
2201,Black Panther,1346739107,2018
2202,Jurassic World: Fallen Kingdom,1303459585,2018
2203,Incredibles 2,1242805359,2018
2204,Aquaman,1148461807,2018
2205,Bohemian Rhapsody,894027543,2018
2206,Venom,855013954,2018
2207,Mission: Impossible - Fallout,791017452,2018
2208,Deadpool 2,786365638,2018
2209,Fantastic Beasts: The Crimes of Grindelwald,653355901,2018
2210,Ant-Man and the Wasp,622674139,2018
2211,Ready Player One,582890172,2018
2212,Operation Red Sea,579220560,2018
2213,The Meg,530243742,2018
2214,Ralph Breaks the Internet,529221154,2018
2215,Hotel Transylvania 3: Summer Vacation,528600000,2018
2216,The Grinch,508575295,2018
2217,Bumblebee,467989645,2018
2218,A Star Is Born,433888866,2018
2219,Rampage,426245950,2018
2220,Mamma Mia! Here We Go Again,395044706,2018
2221,Solo: A Star Wars Story,392952373,2018
2222,Spider-Man: Into the Spider-Verse,375540831,2018
2223,Fifty Shades Freed,368307760,2018
2224,The Nun,365550119,2018
2225,Peter Rabbit,351266433,2018
2226,Mary Poppins Returns,348807090,2018
2227,Taylor Swift: Reputation Stadium Tour,345000000,2018
2228,A Quiet Place,340677200,2018
2229,Green Book,319700000,2018
2230,Ocean's Eight,297718711,2018
2231,Skyscraper,292351275,2018
2232,Pacific Rim: Uprising,290061297,2018
2233,Maze Runner: The Death Cure,288175335,2018
2234,Tomb Raider,274650803,2018
2235,Halloween,253688035,2018
2236,Crazy Rich Asians,238539198,2018
2237,Creed II,214215889,2018
2238,Us and Them,209221331,2018
2239,Bel Canto,176746000,2018
2240,The Mule,174804407,2018
2241,Insidious: The Last Key,167184112,2018
2242,The Predator,160542134,2018
2243,Johnny English Strikes Again,158256993,2018
2244,Red Sparrow,151572634,2018
2245,The First Purge,137056262,2018
2246,A Wrinkle in Time,132675864,2018
2247,The House with a Clock in Its Walls,131457147,2018
2248,Dragon Ball Super: Broly,125002821,2018
2249,The Commuter,119942387,2018
2250,Game Night,117501013,2018
2251,2.0,114629169,2018
2252,Along with the Gods: The Last 49 Days,112790210,2018
2253,First Man,105702570,2018
2254,The Equalizer 2,102084362,2018
2255,Detective Conan: Zero the Enforcer,101860359,2018
2256,Taxiwala,100000000,2018
2257,Khaltoor,100000000,2018
2258,Christopher Robin,99138899,2018
2259,A Simple Favor,97644617,2018
2260,Truth or Dare,95330493,2018
2261,I Feel Pretty,94539426,2018
2262,Blockers,94017294,2018
2263,BlacKkKlansman,93400823,2018
2264,Goosebumps 2: Haunted Halloween,93320380,2018
2265,Kamen Rider Build the Movie: Be The One,92108679,2018
2266,Shadow,91708374,2018
2267,Overboard,91244913,2018
2268,Sherlock Gnomes,90497778,2018
2269,Boonie Bears: The Big Shrink,88726207,2018
2270,Robin Hood,86493046,2018
2271,I Can Only Imagine,86026201,2018
2272,Detective Dee: The Four Heavenly Kings,84168923,2018
2273,Mortal Engines,83672673,2018
2274,The Favourite,82124805,2018
2275,Padmaavat,81673897,2018
2276,Den of Thieves,80509622,2018
2277,Hereditary,80239658,2018
2278,Book Club,78720293,2018
2279,Vice,76073488,2018
2280,Sicario: Day of the Soldado,75836683,2018
2281,Tag,75100000,2018
2282,Widows,73866088,2018
2283,Second Act,72282227,2018
2284,12 Strong,67450815,2018
2285,Sanju,67414985,2018
2286,"Love, Simon",66316289,2018
2287,Mile 22,66308758,2018
2288,Searching,66265218,2018
2289,Capernaum,64978931,2018
2290,Isle of Dogs,64241499,2018
2291,Life of the Party,61700416,2018
2292,The Nutcracker and the Four Realms,59522646,2018
2293,The 15:17 to Paris,57076286,2018
2294,Early Man,53431158,2018
2295,Breaking In,49078000,2018
2296,Peppermint,48818723,2018
2297,Asterix: The Secret of the Magic Potion,45631901,2018
2298,Winchester,44019588,2018
2299,Annihilation,43070915,2018
2300,Avengers: Endgame,2797800564,2019
2301,The Lion King,1667635327,2019
2302,Frozen II,1450026933,2019
2303,Spider-Man: Far From Home,1131927996,2019
2304,Captain Marvel,1128276090,2019
2305,Joker,1074251311,2019
2306,Star Wars: The Rise of Skywalker,1074144248,2019
2307,Toy Story 4,1073394593,2019
2308,Aladdin,1047612394,2019
2309,Jumanji: The Next Level,800059707,2019
2310,Fast & Furious Presents: Hobbs & Shaw,760098996,2019
2311,Ne Zha,686067000,2019
2312,How to Train Your Dragon: The Hidden World,517526875,2019
2313,Alha Sahma,500000000,2019
2314,Maleficent: Mistress of Evil,491570967,2019
2315,It Chapter Two,473093228,2019
2316,Pokémon Detective Pikachu,433005346,2019
2317,Alita: Battle Angel,404852543,2019
2318,Godzilla: King of the Monsters,386600138,2019
2319,1917,374733942,2019
2320,Once Upon a Time… in Hollywood,374251247,2019
2321,Shazam!,365971656,2019
2322,John Wick: Chapter 3 - Parabellum,326709727,2019
2323,Knives Out,309232797,2019
2324,Terminator: Dark Fate,261119292,2019
2325,Parasite,257591776,2019
2326,Us,255105930,2019
2327,Men in Black: International,252608480,2019
2328,Dark Phoenix,252442974,2019
2329,Glass,246941965,2019
2330,Annabelle Comes Home,231252591,2019
2331,Better Days,225879065,2019
2332,Ford v Ferrari,225508210,2019
2333,Little Women,216601214,2019
2334,Dumbo,215832199,2019
2335,The Addams Family,203044905,2019
2336,Downton Abbey,192094429,2019
2337,The Lego Movie 2: The Second Part,190514361,2019
2338,Weathering with You,186965409,2019
2339,Abominable,179057149,2019
2340,Gemini Man,173469516,2019
2341,Spies in Disguise,171616764,2019
2342,Rocketman,167323950,2019
2343,Hustlers,157600000,2019
2344,Escape Room,155712077,2019
2345,The Secret Life of Pets 2,155152550,2019
2346,The Angry Birds Movie 2,147792047,2019
2347,Angel Has Fallen,146661977,2019
2348,Ad Astra,132807427,2019
2349,Midway,125641396,2019
2350,Extreme Job,124652206,2019
2351,Zombieland: Double Tap,122801777,2019
2352,The Curse of La Llorona,122033739,2019
2353,Last Christmas,121550750,2019
2354,Dora and the Lost City of Gold,119682635,2019
2355,Wonder Park,119559110,2019
2356,Detective Conan: The Fist of Blue Sapphire,115570314,2019
2357,The Gentlemen,114996853,2019
2358,Pet Sematary,112399944,2019
2359,The Upside,111353135,2019
2360,Good Boys,111037232,2019
2361,Scary Stories to Tell in the Dark,95438172,2019
2362,Five Feet Apart,91500000,2019
2363,Rambo: Last Blood,91490353,2019
2364,Crawl,89203432,2019
2365,Yesterday,88092097,2019
2366,Jojo Rabbit,82468705,2019
2367,Cold Pursuit,76419755,2019
2368,Serial (Bad) Weddings 2,74769845,2019
2369,Cats,73515024,2019
2370,Charlie's Angels,73279888,2019
2371,Doctor Sleep,72281712,2019
2372,What Men Want,69766483,2019
2373,After,69497587,2019
2374,EXIT,68325551,2019
2375,A Beautiful Day in the Neighborhood,67760877,2019
2376,War,66293455,2019
2377,White Snake,61631776,2019
2378,Bombshell,61404394,2019
2379,Ashfall,61321941,2019
2380,Ready or Not,57615777,2019
2381,Kabir Singh,55478164,2019
2382,Saaho,55000000,2019
2383,Ma,51749995,2019
2384,Just Mercy,50401502,2019
2385,Uncut Gems,50020902,2019
2386,21 Bridges,49939757,2019
2387,The Legend of Hei,48045728,2019
2388,Countdown,48021766,2019
2389,Midsommar,47980982,2019
2390,Queen & Slim,47803176,2019
2391,A Madea Family Funeral,46115383,2019
2392,Child's Play,44902237,2019
2393,Hellboy,44664690,2019
2394,Playing with Fire,44400000,2019
2395,A Shaun the Sheep Movie: Farmageddon,42880428,2019
2396,My Mom is a Character 3,39273021,2019
2397,Fighting with My Family,39055536,2019
2398,Judy,38981322,2019
2399,Pain and Glory,37359689,2019
2400,Demon Slayer -Kimetsu no Yaiba- The Movie: Mugen Train,503063688,2020
2401,The Eight Hundred,460919368,2020
2402,"Metallica: WorldWired Tour - Live in Manchester, England - June 18, 2019",426900000,2020
2403,Bad Boys for Life,426505244,2020
2404,Tenet,363129000,2020
2405,Sonic the Hedgehog,306766470,2020
2406,Dolittle,245692007,2020
2407,Jiang Ziya: The Legend of Deification,240656068,2020
2408,Birds of Prey (and the Fantabulous Emancipation of One Harley Quinn),201858461,2020
2409,The Croods: A New Age,168285000,2020
2410,Wonder Woman 1984,165160005,2020
2411,Onward,141592359,2020
2412,Soul,136384442,2020
2413,The Invisible Man,130234661,2020
2414,The Call of the Wild,107604626,2020
2415,The Yin-Yang Master: Dream of Eternity,69000000,2020
2416,Mulan,66800000,2020
2417,Tolo Tolo,52186426,2020
2418,Greenland,47800000,2020
2419,Fantasy Island,47078545,2020
2420,Trolls World Tour,47000000,2020
2421,The New Mutants,45534613,2020
2422,The Grudge,42800000,2020
2423,After We Collided,42000000,2020
2424,Underwater,40882928,2020
2425,Peninsula,39657073,2020
2426,Unhinged,39238300,2020
2427,The Confidence Man JP: Princess,35762324,2020
2428,Deliver Us from Evil,34662454,2020
2429,Bloodshot,33542457,2020
2430,Invasion,32104054,2020
2431,Honest Thief,29404235,2020
2432,Ala Vaikunthapurramuloo,28859072,2020
2433,Vanguard,27900000,2020
2434,Like a Boss,26925979,2020
2435,Monster Hunter,25814306,2020
2436,Emma.,25155355,2020
2437,Digimon Adventure: Last Evolution Kizuna,24200000,2020
2438,Gretel & Hansel,22059211,2020
2439,Violet Evergarden: The Movie,20339624,2020
2440,Brahms: The Boy II,20311536,2020
2441,Fate/stay night: Heaven's Feel III. Spring Song,20150000,2020
2442,The Turning,18472775,2020
2443,Bye Bye Morons,16955173,2020
2444,The War with Grandpa,16262351,2020
2445,Freaky,15104310,2020
2446,Father There Is Only One 2,14871307,2020
2447,The Way Back,14590514,2020
2448,Children of the Corn,14568989,2020
2449,Promising Young Woman,13868965,2020
2450,#Alive,13416285,2020
2451,Fire,12916151,2020
2452,Street Dancer 3D,12589965,2020
2453,Steel Rain 2: Summit,12329960,2020
2454,Howling Village,12175665,2020
2455,Uriyadi,11327287,2020
2456,30 Days Max,11208529,2020
2457,Malang,11136444,2020
2458,UFC 246: McGregor vs. Cowboy,11087629,2020
2459,Crayon Shin-Chan: Crash! Rakuga Kingdom and Almost Four Heroes,11000000,2020
2460,Bigfoot Family,10804610,2020
2461,Impractical Jokers: The Movie,10700000,2020
2462,Nightlife,10349294,2020
2463,Me contro Te: Il film - La vendetta del Signor S,9500000,2020
2464,365 Days,9458590,2020
2465,Scoob!,9430580,2020
2466,Okay! Madam,9341543,2020
2467,10 Days Without Mum,9305412,2020
2468,Joker Joe,8859185,2020
2469,The Hunt,8621288,2020
2470,Come Play,8119285,2020
2471,Let Him Go,7997460,2020
2472,Directly Kakha,7758221,2020
2473,Downhill,7547254,2020
2474,Another Round,7287440,2020
2475,De Gaulle,7142214,2020
2476,Spycies,6928960,2020
2477,Antebellum,6852361,2020
2478,Lindenberg! Mach dein Ding,6404964,2020
2479,Hotel Belgrade,6237973,2020
2480,Beasts Clawing at Straws,5707415,2020
2481,Mama Weed,5413054,2020
2482,Poly,5236154,2020
2483,Divorce Club,5127426,2020
2484,The Kangaroo Chronicles,5081127,2020
2485,Made in Abyss: Dawn of the Deep Soul,4971635,2020
2486,Intruder,4751103,2020
2487,The SpongeBob Movie: Sponge on the Run,4700000,2020
2488,100% Wolf,4608579,2020
2489,My Spy,4418501,2020
2490,The Rental,4296804,2020
2491,The Empty Man,4176641,2020
2492,Varane Avashyamund,4139731,2020
2493,Persian Lessons,3825668,2020
2494,"Yakari, a Spectacular Journey",3790930,2020
2495,The Wretched,3758846,2020
2496,Lassie Come Home,3666620,2020
2497,Follow Me,3551439,2020
2498,Radioactive,3507755,2020
2499,18 Presents,3486375,2020
2500,The Battle at Lake Changjin,888577720,2021
2501,"Hi, Mom",822049668,2021
2502,No Time to Die,758000000,2021
2503,F9,721077945,2021
2504,Detective Chinatown 3,686257563,2021
2505,Zack Snyder's Justice League,657000000,2021
2506,Godzilla vs. Kong,467863133,2021
2507,Venom: Let There Be Carnage,454000000,2021
2508,Shang-Chi and the Legend of the Ten Rings,430238384,2021
2509,Black Widow,378328978,2021
2510,Dune,368077000,2021
2511,Eternals,368000000,2021
2512,Free Guy,331096766,2021
2513,A Quiet Place Part II,297372261,2021
2514,Cruella,233274812,2021
2515,Jungle Cruise,217000000,2021
2516,Raging Fire,205000000,2021
2517,The Conjuring: The Devil Made Me Do It,199166992,2021
2518,Cliff Walkers,172919448,2021
2519,The Suicide Squad,167381210,2021
2520,Peter Rabbit 2: The Runaway,153000000,2021
2521,A Writer's Odyssey,150000000,2021
2522,Space Jam: A New Legacy,148810604,2021
2523,PAW Patrol: The Movie,135000000,2021
2524,Tom & Jerry,132000000,2021
2525,Raya and the Last Dragon,130000000,2021
2526,The Boss Baby: Family Business,128000000,2021
2527,Halloween Kills,127000000,2021
2528,Ghostbusters: Afterlife,118000000,2021
2529,The Addams Family 2,105000000,2021
2530,Wrath of Man,103966489,2021
2531,The Obscure Moon Lighting an Obscure World,100000000,2021
2532,Old,90112510,2021
2533,Green Snake,87212911,2021
2534,Mortal Kombat,83601013,2021
2535,Evangelion: 3.0+1.0 Thrice Upon a Time,78334943,2021
2536,Candyman,77389310,2021
2537,The Forever Purge,76981630,2021
2538,Encanto,73000000,2021
2539,Hitman's Wife's Bodyguard,69212098,2021
2540,Be Somebody,64300000,2021
2541,Nobody,61779301,2021
2542,Cloudy Mountain,58232750,2021
2543,Ron's Gone Wrong,57000000,2021
2544,BELLE,54195448,2021
2545,Luca,49010641,2021
2546,Don't Breathe 2,45000000,2021
2547,Escape Room: Tournament of Champions,44888959,2021
2548,In the Heights,43000000,2021
2549,Clifford the Big Red Dog,40000000,2021
2550,My Hero Academia: World Heroes' Mission,38410729,2021
2551,House of Gucci,38000000,2021
2552,Snake Eyes: G.I. Joe Origins,36964325,2021
2553,Spiral: From the Book of Saw,36544468,2021
2554,Rurouni Kenshin: The Final,33457923,2021
2555,The French Dispatch,33000000,2021
2556,Respect,31217372,2021
2557,Love Will Tear Us Apart,30863720,2021
2558,The Unholy,30763855,2021
2559,The Little Things,29844012,2021
2560,The Last Warrior: Root of Evil,27658331,2021
2561,The Last Duel,27000000,2021
2562,Wish Dragon,25860000,2021
2563,The Courier,24901420,2021
2564,Malignant,24640084,2021
2565,Those Who Wish Me Dead,23384502,2021
2566,The Marksman,22039969,2021
2567,The Father,21029340,2021
2568,Kaamelott - The First Chapter,19002036,2021
2569,After We Fell,19000000,2021
2570,Last Night in Soho,19000000,2021
2571,Reminiscence,18717947,2021
2572,The Green Knight,18192220,2021
2573,Spirit Untamed,17635215,2021
2574,The Dry,17166067,2021
2575,"Dad, I'm Sorry",17130489,2021
2576,Antlers,16000000,2021
2577,Stillwater,15987232,2021
2578,Dear Evan Hansen,15732069,2021
2579,Gintama: The Final,15486691,2021
2580,Resident Evil: Welcome to Raccoon City,15250432,2021
2581,Nomadland,14784114,2021
2582,The Night House,14590542,2021
2583,Minari,12886100,2021
2584,Cry Macho,11780000,2021
2585,The Many Saints of Newark,11620603,2021
2586,King Richard,11000000,2021
2587,Agent Backkom: Kings Bear,8500000,2021
2588,The Protégé,8115215,2021
2589,Ainbo: Spirit of the Amazon,7877742,2021
2590,Honsla Rakh,7100000,2021
2591,Dream Horse,6435260,2021
2592,Judas and the Black Messiah,6416063,2021
2593,The Laws of the Universe - The Age of Elohim,5928973,2021
2594,Copshop,5400000,2021
2595,Chernobyl: Abyss,5370393,2021
2596,Titane,5115725,2021
2597,Family Swap,4849622,2021
2598,Qismat 2,4700000,2021
2599,Major Grom: Plague Doctor,4493306,2021
